Educational Attainment in Chicago Community Areas,,,,,,,,,,,,,,,,
,1940,1950,1960,1970,1980,1990,2000,2008-2012,2009-2013,2010-2014,2011-2015,2012-2016,2013-2017,2014-2018,2015-2019,2016-2020
1. Rogers Park,,,,,,,,,,,,,,,,
Total,"  42,750 ","  42,940 ","  39,297 ","  38,536 ","  36,402 ","  38,153 ","  38,655 ","  37,621 ","  37,660 ","  37,107 ","  37,029 ","38,014","38,080","37,959","38,112","38,323"
Not HS Graduate,"  18,789 ","  15,515 ","  17,150 ","  14,690 ","  9,526 ","  8,721 ","  9,835 ","  6,832 ","  6,600 ","  6,089 ","  5,862 ","5,708","5,231","4,906","4,658","4,480"
High School Graduate Only,"  13,121 ","  14,770 ","  10,569 ","  10,604 ","  9,258 ","  7,101 ","  7,607 ","  6,738 ","  6,827 ","  7,150 ","  6,998 ","7,175","7,689","7,464","7,418","6,901"
Some College,"  5,202 ","  6,130 ","  5,962 ","  6,137 ","  6,457 ","  9,510 ","  8,858 ","  8,856 ","  8,873 ","  8,351 ","  8,667 ","8,811","9,014","8,505","8,729","8,859"
BA or Higher,"  5,638 ","  6,525 ","  5,616 ","  7,105 ","  11,161 ","  12,821 ","  12,355 ","  15,195 ","  15,360 ","  15,517 ","  15,502 ","16,320","16,146","17,084","17,307","18,083"
Percent HS Grad or Higher,56.0%,63.9%,56.4%,61.9%,73.8%,77.1%,74.6%,81.8%,82.5%,83.6%,84.0%,85.0%,86.3%,87.1%,88.0%,88.3%
Percent with a BA or Higher,13.2%,15.2%,14.3%,18.4%,30.7%,33.6%,32.0%,40.4%,40.8%,41.8%,42.0%,42.9%,42.4%,45.0%,45.0%,47.2%
,,,,,,,,,,,,,,,,
2. West Ridge,,,,,,,,,,,,,,,,
Total,"  28,264 ","  30,490 ","  41,454 ","  44,513 ","  43,986 ","  46,197 ","  48,664 ","  48,008 ","  48,724 ","  48,265 ","  48,333 ","49,134","51,002","51,236","51,951","51,975"
Not HS Graduate,"  15,175 ","  12,880 ","  17,832 ","  17,347 ","  12,085 ","  10,082 ","  9,528 ","  9,963 ","  9,566 ","  8,247 ","  8,318 ","8,301","8,914","9,135","10,007","9,041"
High School Graduate Only,"  7,534 ","  9,380 ","  11,782 ","  13,717 ","  12,874 ","  11,079 ","  10,682 ","  9,825 ","  9,847 ","  10,212 ","  10,665 ","11,028","11,080","11,390","11,145","10,150"
Some College,"  2,802 ","  4,150 ","  6,527 ","  6,937 ","  8,187 ","  10,937 ","  11,142 ","  11,042 ","  11,203 ","  10,730 ","  10,346 ","10,397","10,755","10,573","10,840","11,124"
BA or Higher,"  2,753 ","  4,080 ","  5,313 ","  6,512 ","  10,840 ","  14,099 ","  17,312 ","  17,178 ","  18,108 ","  19,076 ","  19,004 ","19,408","20,253","20,138","19,959","21,660"
Percent HS Grad or Higher,46.3%,57.8%,57.0%,61.0%,72.5%,78.2%,80.4%,79.2%,80.4%,82.9%,83.0%,83.1%,82.5%,82.2%,81.0%,82.6%
Percent with a BA or Higher,9.7%,13.4%,12.8%,14.6%,24.6%,30.5%,35.6%,35.8%,37.2%,39.5%,39.0%,39.5%,39.7%,39.3%,38.0%,41.7%
,,,,,,,,,,,,,,,,
3. Uptown,,,,,,,,,,,,,,,,
Total,"  57,341 ","  59,145 ","  52,297 ","  47,347 ","  41,080 ","  43,274 ","  46,773 ","  43,905 ","  44,169 ","  44,080 ","  44,870 ","45,288","46,039","46,103","47,029","46,702"
Not HS Graduate,"  33,866 ","  29,900 ","  29,806 ","  25,517 ","  17,058 ","  12,936 ","  11,018 ","  5,194 ","  4,891 ","  4,742 ","  4,784 ","4,800","4,499","4,675","4,867","4,579"
High School Graduate Only,"  13,897 ","  17,980 ","  12,434 ","  11,352 ","  10,084 ","  8,205 ","  7,106 ","  6,927 ","  6,713 ","  6,768 ","  6,844 ","7,414","7,429","7,276","6,894","5,830"
Some College,"  5,478 ","  6,690 ","  5,949 ","  5,148 ","  6,047 ","  10,033 ","  10,192 ","  8,953 ","  9,039 ","  8,521 ","  8,502 ","8,583","8,383","8,868","8,784","9,359"
BA or Higher,"  4,100 ","  4,575 ","  4,108 ","  5,330 ","  7,891 ","  12,100 ","  18,457 ","  22,831 ","  23,526 ","  24,049 ","  24,740 ","24,491","25,728","25,284","26,484","26,934"
Percent HS Grad or Higher,40.9%,49.4%,43.0%,46.1%,58.5%,70.1%,76.4%,88.2%,88.9%,89.2%,89.0%,89.4%,90.2%,89.9%,90.0%,90.2%
Percent with a BA or Higher,7.2%,7.7%,7.9%,11.3%,19.2%,28.0%,39.5%,52.0%,53.3%,54.6%,55.0%,54.1%,55.9%,54.8%,56.0%,57.7%
,,,,,,,,,,,,,,,,
4. Lincoln Square,,,,,,,,,,,,,,,,
Total,"  32,228 ","  31,845 ","  33,923 ","  32,224 ","  29,706 ","  30,573 ","  31,599 ","  30,006 ","  30,366 ","  30,877 ","  32,056 ","31,977","32,285","32,156","32,404","31,582"
Not HS Graduate,"  21,653 ","  17,330 ","  18,860 ","  16,552 ","  11,242 ","  8,712 ","  6,793 ","  4,017 ","  3,701 ","  3,260 ","  3,290 ","2,819","2,485","2,265","2,218","2,026"
High School Graduate Only,"  7,120 ","  9,380 ","  8,838 ","  9,498 ","  8,972 ","  7,369 ","  6,229 ","  3,776 ","  3,635 ","  3,981 ","  3,778 ","3,687","3,904","4,053","3,825","3,600"
Some College,"  1,903 ","  2,985 ","  3,675 ","  3,382 ","  4,614 ","  7,179 ","  6,549 ","  5,898 ","  5,670 ","  5,856 ","  6,312 ","6,051","5,614","5,788","5,669","5,119"
BA or Higher,"  1,552 ","  2,150 ","  2,550 ","  2,792 ","  4,878 ","  7,313 ","  12,028 ","  16,315 ","  17,360 ","  17,780 ","  18,676 ","19,420","20,282","20,050","20,692","20,837"
Percent HS Grad or Higher,32.8%,45.6%,44.4%,48.6%,62.2%,71.5%,78.5%,86.6%,87.8%,89.4%,90.0%,91.2%,92.3%,93.0%,93.0%,93.6%
Percent with a BA or Higher,4.8%,6.8%,7.5%,8.7%,16.4%,23.9%,38.1%,54.4%,57.2%,57.6%,58.0%,60.7%,62.8%,62.4%,64.0%,66.0%
,,,,,,,,,,,,,,,,
5. North Center,,,,,,,,,,,,,,,,
Total,"  32,174 ","  30,560 ","  28,041 ","  24,384 ","  21,975 ","  22,292 ","  23,718 ","  24,963 ","  26,176 ","  25,926 ","  25,565 ","25,284","25,474","25,205","24,874","24,984"
Not HS Graduate,"  26,986 ","  21,555 ","  19,654 ","  15,058 ","  10,666 ","  6,627 ","  3,568 ","  1,134 ","  1,371 ","  1,567 ","  1,706 ","1,548","1,578","1,373","1,197",854
High School Graduate Only,"  3,745 ","  6,840 ","  5,914 ","  6,582 ","  6,523 ","  5,692 ","  3,968 ","  3,087 ","  3,186 ","  2,842 ","  2,677 ","2,478","2,147","1,859","1,748","1,398"
Some College,  876 ,"  1,395 ","  1,639 ","  1,752 ","  2,391 ","  4,779 ","  4,768 ","  3,734 ","  4,154 ","  4,075 ","  3,763 ","3,732","3,712","3,419","3,077","3,330"
BA or Higher,  567 ,  770 ,  834 ,  992 ,"  2,395 ","  5,194 ","  11,414 ","  17,008 ","  17,465 ","  17,442 ","  17,419 ","17,526","18,037","18,554","18,852","19,402"
Percent HS Grad or Higher,16.1%,29.5%,29.9%,38.2%,51.5%,70.3%,85.0%,95.5%,94.8%,94.0%,93.0%,93.9%,93.8%,94.6%,95.0%,96.6%
Percent with a BA or Higher,1.8%,2.5%,3.0%,4.1%,10.9%,23.3%,48.1%,68.1%,66.7%,67.3%,68.0%,69.3%,70.8%,73.6%,76.0%,77.7%
,,,,,,,,,,,,,,,,
6. Lake View,,,,,,,,,,,,,,,,
Total,"  84,197 ","  83,380 ","  81,200 ","  75,175 ","  69,242 ","  70,177 ","  75,098 ","  72,670 ","  73,111 ","  73,818 ","  74,665 ","76,027","76,120","75,819","76,236","76,108"
Not HS Graduate,"  58,291 ","  47,650 ","  47,945 ","  35,432 ","  18,625 ","  9,134 ","  4,408 ","  1,881 ","  1,805 ","  1,774 ","  1,773 ","1,542","1,572","1,508","1,627","1,391"
High School Graduate Only,"  15,401 ","  21,430 ","  17,810 ","  18,905 ","  15,225 ","  8,983 ","  6,195 ","  4,394 ","  4,617 ","  4,606 ","  4,680 ","4,554","4,638","4,049","3,644","3,224"
Some College,"  5,480 ","  7,570 ","  8,644 ","  9,274 ","  12,506 ","  14,778 ","  11,352 ","  9,934 ","  9,609 ","  9,332 ","  9,582 ","9,709","9,313","9,178","8,848","8,615"
BA or Higher,"  5,025 ","  6,730 ","  6,801 ","  11,564 ","  22,886 ","  37,282 ","  53,143 ","  56,461 ","  57,080 ","  58,106 ","  58,630 ","60,222","60,597","61,084","62,117","62,878"
Percent HS Grad or Higher,30.8%,42.9%,41.0%,52.9%,73.1%,87.0%,94.1%,97.4%,97.5%,97.6%,98.0%,98.0%,97.9%,98.0%,98.0%,98.2%
Percent with a BA or Higher,6.0%,8.1%,8.4%,15.4%,33.1%,53.1%,70.8%,77.7%,78.1%,78.7%,79.0%,79.2%,79.6%,80.6%,81.0%,82.6%
,,,,,,,,,,,,,,,,
7. Lincoln Park,,,,,,,,,,,,,,,,
Total,"  65,389 ","  65,000 ","  55,956 ","  41,134 ","  41,848 ","  46,503 ","  48,204 ","  44,220 ","  45,456 ","  45,946 ","  46,924 ","46,982","47,911","48,666","49,536","48,540"
Not HS Graduate,"  49,370 ","  41,245 ","  36,120 ","  19,116 ","  7,848 ","  4,558 ","  2,785 ","  1,607 ","  1,564 ","  1,440 ","  1,312 ","1,205","1,174","1,034","1,083",952
High School Graduate Only,"  8,915 ","  14,045 ","  10,371 ","  8,021 ","  7,244 ","  3,544 ","  2,750 ","  1,818 ","  2,084 ","  2,269 ","  2,636 ","2,571","2,624","2,643","2,839","2,047"
Some College,"  3,759 ","  5,230 ","  4,825 ","  5,020 ","  6,410 ","  6,693 ","  5,057 ","  4,447 ","  4,500 ","  4,409 ","  4,141 ","4,321","4,116","3,962","3,971","4,137"
BA or Higher,"  3,345 ","  4,480 ","  4,640 ","  8,977 ","  20,346 ","  31,708 ","  37,612 ","  36,348 ","  37,308 ","  37,828 ","  38,835 ","38,885","39,997","41,027","41,643","41,404"
Percent HS Grad or Higher,24.5%,36.5%,35.4%,53.5%,81.2%,90.2%,94.2%,96.4%,96.6%,96.9%,97.0%,97.4%,97.5%,97.9%,98.0%,98.0%
Percent with a BA or Higher,5.1%,6.9%,8.3%,21.8%,48.6%,68.2%,78.0%,82.2%,82.1%,82.3%,83.0%,82.8%,83.5%,84.3%,84.0%,85.3%
,,,,,,,,,,,,,,,,
8. Near North Side,,,,,,,,,,,,,,,,
Total,"  55,315 ","  56,070 ","  47,542 ","  43,318 ","  45,993 ","  48,067 ","  58,051 ","  66,874 ","  69,102 ","  70,206 ","  71,363 ","72,447","74,553","75,496","78,406","82,762"
Not HS Graduate,"  34,807 ","  30,895 ","  23,837 ","  14,529 ","  8,873 ","  5,102 ","  3,735 ","  1,662 ","  1,700 ","  1,655 ","  1,687 ","1,757","1,723","1,557","1,439","1,532"
High School Graduate Only,"  8,908 ","  10,610 ","  8,573 ","  9,522 ","  8,190 ","  5,146 ","  4,465 ","  4,160 ","  4,141 ","  3,879 ","  3,405 ","3,854","4,007","3,874","4,094","4,152"
Some College,"  5,705 ","  7,150 ","  6,613 ","  7,193 ","  8,410 ","  9,898 ","  10,700 ","  9,871 ","  9,831 ","  9,717 ","  9,897 ","9,758","9,781","9,195","8,872","8,406"
BA or Higher,"  5,895 ","  7,415 ","  8,519 ","  12,074 ","  20,520 ","  27,921 ","  39,151 ","  51,181 ","  53,430 ","  54,955 ","  56,374 ","57,078","59,042","60,870","64,001","68,672"
Percent HS Grad or Higher,37.1%,44.9%,49.9%,66.5%,80.7%,89.4%,93.6%,97.5%,97.5%,97.6%,98.0%,97.6%,97.7%,97.9%,98.0%,98.1%
Percent with a BA or Higher,10.7%,13.2%,17.9%,27.9%,44.6%,58.1%,67.4%,76.5%,77.3%,78.3%,79.0%,78.8%,79.2%,80.6%,82.0%,83.0%
,,,,,,,,,,,,,,,,
9. Edison Park,,,,,,,,,,,,,,,,
Total,"  3,751 ","  4,975 ","  7,644 ","  8,217 ","  8,499 ","  8,462 ","  8,284 ","  8,242 ","  8,239 ","  8,280 ","  8,463 ","8,280","8,587","8,543","8,257","8,069"
Not HS Graduate,"  2,104 ","  2,185 ","  3,589 ","  3,420 ","  2,678 ","  1,652 ","  1,126 ",  611 ,  611 ,  644 ,  438 ,351,420,384,364,351
High School Graduate Only,  934 ,"  1,600 ","  2,374 ","  3,005 ","  3,124 ","  2,622 ","  2,082 ","  1,566 ","  1,679 ","  1,725 ","  1,741 ","1,720","1,916","1,747","1,604","1,715"
Some College,  378 ,  715 ,  991 ,"  1,066 ","  1,578 ","  2,510 ","  2,577 ","  2,601 ","  2,592 ","  2,441 ","  2,357 ","2,302","2,173","2,162","2,230","2,006"
BA or Higher,  335 ,  475 ,  690 ,  726 ,"  1,119 ","  1,678 ","  2,499 ","  3,464 ","  3,357 ","  3,470 ","  3,927 ","3,907","4,078","4,250","4,059","3,997"
Percent HS Grad or Higher,43.9%,56.1%,53.0%,58.4%,68.5%,80.5%,86.4%,92.6%,92.6%,92.2%,95.0%,95.8%,95.1%,95.5%,96.0%,95.7%
Percent with a BA or Higher,8.9%,9.5%,9.0%,8.8%,13.2%,19.8%,30.2%,42.0%,40.7%,41.9%,46.0%,47.2%,47.5%,49.8%,49.0%,49.5%
,,,,,,,,,,,,,,,,
10. Norwood Park,,,,,,,,,,,,,,,,
Total,"  9,883 ","  16,345 ","  25,417 ","  26,711 ","  28,458 ","  28,565 ","  28,491 ","  27,459 ","  27,116 ","  27,041 ","  26,898 ","26,894","27,545","27,957","28,374","27,892"
Not HS Graduate,"  6,976 ","  9,250 ","  14,592 ","  12,504 ","  10,086 ","  7,621 ","  4,941 ","  3,151 ","  2,625 ","  2,202 ","  2,100 ","2,094","2,090","2,078","2,227","2,027"
High School Graduate Only,"  1,751 ","  4,425 ","  6,618 ","  9,219 ","  10,615 ","  8,921 ","  8,347 ","  7,519 ","  7,383 ","  7,286 ","  6,795 ","6,953","7,088","7,361","7,413","7,448"
Some College,  586 ,"  1,555 ","  2,593 ","  3,029 ","  4,313 ","  6,653 ","  8,168 ","  8,230 ","  8,549 ","  8,467 ","  8,519 ","8,155","8,033","7,624","7,732","6,737"
BA or Higher,  570 ,"  1,115 ","  1,614 ","  1,959 ","  3,444 ","  5,370 ","  7,035 ","  8,559 ","  8,559 ","  9,086 ","  9,484 ","9,692","10,334","10,894","11,002","11,680"
Percent HS Grad or Higher,29.4%,43.4%,42.6%,53.2%,64.6%,73.3%,82.7%,88.5%,90.3%,91.9%,92.0%,92.2%,92.4%,92.6%,92.0%,92.7%
Percent with a BA or Higher,5.8%,6.8%,6.4%,7.3%,12.1%,18.8%,24.7%,31.2%,31.6%,33.6%,35.0%,36.0%,37.5%,39.0%,39.0%,41.9%
,,,,,,,,,,,,,,,,
11. Jefferson Park,,,,,,,,,,,,,,,,
Total,"  12,880 ","  14,935 ","  17,977 ","  18,136 ","  17,566 ","  17,800 ","  18,850 ","  18,827 ","  19,291 ","  19,338 ","  19,824 ","19,585","19,787","20,540","20,057","19,774"
Not HS Graduate,"  10,627 ","  10,250 ","  11,609 ","  10,010 ","  7,287 ","  4,831 ","  3,768 ","  2,530 ","  2,474 ","  2,589 ","  2,647 ","2,476","2,185","2,148","1,899","1,460"
High School Graduate Only,"  1,547 ","  3,360 ","  4,233 ","  5,303 ","  6,176 ","  5,743 ","  5,722 ","  5,265 ","  5,240 ","  5,262 ","  5,516 ","5,109","4,991","5,248","5,218","4,854"
Some College,  444 ,  840 ,"  1,403 ","  1,769 ","  2,331 ","  4,306 ","  5,197 ","  5,515 ","  5,732 ","  5,323 ","  5,576 ","5,290","5,570","5,666","5,675","5,456"
BA or Higher,  262 ,  485 ,  732 ,"  1,054 ","  1,772 ","  2,920 ","  4,163 ","  5,517 ","  5,845 ","  6,164 ","  6,085 ","6,710","7,041","7,478","7,265","8,004"
Percent HS Grad or Higher,17.5%,31.4%,35.4%,44.8%,58.5%,72.9%,80.0%,86.6%,87.2%,86.6%,87.0%,87.4%,89.0%,89.5%,91.0%,92.6%
Percent with a BA or Higher,2.0%,3.2%,4.1%,5.8%,10.1%,16.4%,22.1%,29.3%,30.3%,31.9%,31.0%,34.3%,35.6%,36.4%,36.0%,40.5%
,,,,,,,,,,,,,,,,
12. Forest Glen,,,,,,,,,,,,,,,,
Total,"  4,103 ","  7,730 ","  12,603 ","  13,305 ","  13,039 ","  13,012 ","  13,178 ","  12,767 ","  12,789 ","  12,732 ","  12,694 ","12,782","13,239","13,598","13,704","14,113"
Not HS Graduate,"  2,441 ","  3,275 ","  5,800 ","  4,315 ","  2,921 ","  1,990 ","  1,375 ",  626 ,  598 ,  607 ,  691 ,614,729,861,806,756
High School Graduate Only,  912 ,"  2,400 ","  3,244 ","  4,148 ","  4,171 ","  2,998 ","  2,884 ","  2,121 ","  2,112 ","  2,262 ","  2,089 ","1,874","2,004","2,181","1,830","2,128"
Some College,  320 ,  970 ,"  1,838 ","  2,070 ","  2,572 ","  3,059 ","  3,228 ","  2,814 ","  2,577 ","  2,481 ","  2,480 ","2,546","2,637","2,787","3,245","2,897"
BA or Higher,  430 ,"  1,085 ","  1,721 ","  2,772 ","  3,375 ","  4,965 ","  5,691 ","  7,206 ","  7,502 ","  7,382 ","  7,434 ","7,748","7,869","7,769","7,823","8,332"
Percent HS Grad or Higher,40.5%,57.6%,54.0%,67.6%,77.6%,84.7%,89.6%,95.1%,95.0%,95.0%,95.0%,95.2%,94.5%,93.7%,94.0%,94.6%
Percent with a BA or Higher,10.5%,14.0%,13.7%,20.8%,25.9%,38.2%,43.2%,56.4%,59.0%,58.0%,59.0%,60.6%,59.4%,57.1%,57.0%,59.0%
,,,,,,,,,,,,,,,,
13. North Park,,,,,,,,,,,,,,,,
Total,"  7,093 ","  8,695 ","  11,560 ","  10,811 ","  10,010 ","  10,758 ","  12,078 ","  12,674 ","  13,089 ","  12,661 ","  12,831 ","12,948","12,931","12,591","12,796","12,882"
Not HS Graduate,"  4,442 ","  4,040 ","  5,808 ","  4,304 ","  2,706 ","  2,541 ","  2,174 ","  1,821 ","  1,542 ","  1,520 ","  1,482 ","1,443","1,634","1,642","1,652","1,678"
High School Graduate Only,"  1,586 ","  2,660 ","  2,706 ","  3,146 ","  2,837 ","  2,327 ","  2,443 ","  2,199 ","  2,167 ","  2,138 ","  2,286 ","2,642","2,450","2,312","2,449","2,428"
Some College,  533 ,  970 ,"  1,733 ","  1,633 ","  1,672 ","  2,363 ","  2,933 ","  3,304 ","  3,483 ","  3,185 ","  3,232 ","3,009","2,811","2,814","2,953","2,794"
BA or Higher,  532 ,"  1,025 ","  1,313 ","  1,728 ","  2,795 ","  3,527 ","  4,528 ","  5,350 ","  5,897 ","  5,818 ","  5,831 ","5,854","6,036","5,823","5,742","5,982"
Percent HS Grad or Higher,37.4%,53.5%,49.8%,60.2%,73.0%,76.4%,82.0%,85.6%,88.2%,88.0%,88.0%,88.9%,87.4%,87.0%,87.0%,87.0%
Percent with a BA or Higher,7.5%,11.8%,11.4%,16.0%,27.9%,32.8%,37.5%,42.2%,45.1%,46.0%,45.0%,45.2%,46.7%,46.3%,45.0%,46.4%
,,,,,,,,,,,,,,,,
14. Albany Park,,,,,,,,,,,,,,,,
Total,"  36,259 ","  34,260 ","  32,381 ","  28,307 ","  27,262 ","  29,852 ","  34,214 ","  34,748 ","  35,202 ","  34,758 ","  34,545 ","34,065","34,480","33,612","33,711","33,532"
Not HS Graduate,"  26,182 ","  20,395 ","  20,360 ","  15,367 ","  11,654 ","  10,731 ","  13,196 ","  11,423 ","  10,358 ","  9,353 ","  8,333 ","7,378","7,441","7,197","6,730","6,455"
High School Graduate Only,"  6,836 ","  8,610 ","  7,534 ","  8,250 ","  8,274 ","  7,661 ","  7,804 ","  6,755 ","  7,427 ","  7,862 ","  8,214 ","8,192","8,478","8,192","8,105","7,887"
Some College,"  1,776 ","  3,165 ","  2,755 ","  2,892 ","  3,398 ","  6,211 ","  6,700 ","  7,367 ","  7,688 ","  7,329 ","  7,516 ","7,115","6,937","6,394","6,404","5,720"
BA or Higher,"  1,465 ","  2,090 ","  1,732 ","  1,798 ","  3,936 ","  5,249 ","  6,514 ","  9,203 ","  9,729 ","  10,214 ","  10,482 ","11,380","11,624","11,829","12,472","13,470"
Percent HS Grad or Higher,27.8%,40.5%,37.1%,45.7%,57.3%,64.1%,61.4%,67.1%,70.6%,73.1%,76.0%,78.3%,78.4%,78.6%,80.0%,80.7%
Percent with a BA or Higher,4.0%,6.1%,5.3%,6.4%,14.4%,17.6%,19.0%,26.5%,27.6%,29.4%,30.0%,33.4%,33.7%,35.2%,37.0%,40.2%
,,,,,,,,,,,,,,,,
15. Portage Park,,,,,,,,,,,,,,,,
Total,"  42,221 ","  42,545 ","  43,532 ","  41,035 ","  39,231 ","  40,959 ","  44,744 ","  43,619 ","  43,966 ","  44,437 ","  45,302 ","44,836","45,044","45,478","45,527","44,993"
Not HS Graduate,"  33,512 ","  27,945 ","  28,445 ","  23,192 ","  16,906 ","  11,781 ","  10,883 ","  8,422 ","  8,452 ","  8,049 ","  7,795 ","7,462","6,870","6,530","6,689","5,812"
High School Graduate Only,"  5,914 ","  10,090 ","  10,014 ","  12,253 ","  13,629 ","  13,971 ","  14,296 ","  13,408 ","  13,526 ","  14,004 ","  13,773 ","12,803","12,983","13,033","11,990","11,984"
Some College,"  1,669 ","  2,775 ","  3,381 ","  3,623 ","  5,148 ","  9,399 ","  11,297 ","  11,896 ","  11,852 ","  12,041 ","  12,570 ","12,431","12,318","12,122","12,200","11,646"
BA or Higher,"  1,126 ","  1,735 ","  1,692 ","  1,967 ","  3,548 ","  5,808 ","  8,268 ","  9,893 ","  10,136 ","  10,343 ","  11,164 ","12,140","12,873","13,793","14,648","15,551"
Percent HS Grad or Higher,20.6%,34.3%,34.7%,43.5%,56.9%,71.2%,75.7%,80.7%,80.8%,81.9%,83.0%,83.4%,84.7%,85.6%,85.0%,87.1%
Percent with a BA or Higher,2.7%,4.1%,3.9%,4.8%,9.0%,14.2%,18.5%,22.7%,23.1%,23.3%,25.0%,27.1%,28.6%,30.3%,32.0%,34.6%
,,,,,,,,,,,,,,,,
16. Irving Park,,,,,,,,,,,,,,,,
Total,"  43,463 ","  42,525 ","  37,766 ","  34,264 ","  32,527 ","  33,950 ","  37,641 ","  38,872 ","  38,424 ","  38,937 ","  39,192 ","38,803","38,704","38,603","38,504","38,537"
Not HS Graduate,"  32,866 ","  27,100 ","  24,413 ","  19,426 ","  13,436 ","  10,383 ","  10,389 ","  8,705 ","  8,283 ","  8,270 ","  7,758 ","6,439","5,612","5,438","5,778","5,235"
High School Graduate Only,"  7,015 ","  10,425 ","  8,883 ","  10,126 ","  10,513 ","  9,856 ","  9,769 ","  8,415 ","  8,773 ","  8,890 ","  8,669 ","8,484","8,756","8,309","8,144","7,811"
Some College,"  2,026 ","  3,060 ","  2,883 ","  3,035 ","  4,534 ","  7,456 ","  9,042 ","  9,096 ","  8,486 ","  8,427 ","  8,940 ","9,334","9,137","9,247","8,855","8,688"
BA or Higher,"  1,558 ","  1,940 ","  1,587 ","  1,677 ","  4,044 ","  6,255 ","  8,441 ","  12,656 ","  12,882 ","  13,350 ","  13,825 ","14,546","15,199","15,609","15,727","16,803"
Percent HS Grad or Higher,24.4%,36.3%,35.4%,43.3%,58.7%,69.4%,72.4%,77.6%,78.4%,78.8%,80.0%,83.4%,85.5%,85.9%,85.0%,86.4%
Percent with a BA or Higher,3.6%,4.6%,4.2%,4.9%,12.4%,18.4%,22.4%,32.6%,33.5%,34.3%,35.0%,37.5%,39.3%,40.4%,41.0%,43.6%
,,,,,,,,,,,,,,,,
17. Dunning,,,,,,,,,,,,,,,,
Total,"  13,296 ","  19,110 ","  26,011 ","  28,206 ","  26,020 ","  27,007 ","  30,302 ","  30,515 ","  30,482 ","  31,069 ","  30,942 ","31,120","31,426","31,684","31,481","31,739"
Not HS Graduate,"  11,205 ","  12,990 ","  17,385 ","  16,392 ","  11,840 ","  8,345 ","  7,217 ","  4,929 ","  4,746 ","  4,487 ","  4,173 ","4,142","3,930","3,562","3,407","3,441"
High School Graduate Only,"  1,444 ","  4,455 ","  5,881 ","  8,353 ","  9,298 ","  9,423 ","  10,102 ","  10,018 ","  10,048 ","  10,529 ","  10,096 ","10,060","10,051","10,128","9,824","10,094"
Some College,  409 ,"  1,115 ","  1,789 ","  2,283 ","  3,127 ","  5,867 ","  7,932 ","  8,254 ","  8,966 ","  8,952 ","  9,367 ","9,436","9,815","9,526","9,796","9,886"
BA or Higher,  238 ,  550 ,  956 ,"  1,178 ","  1,755 ","  3,372 ","  5,051 ","  7,314 ","  6,722 ","  7,101 ","  7,306 ","7,482","7,630","8,468","8,454","8,318"
Percent HS Grad or Higher,15.7%,32.0%,33.2%,41.9%,54.5%,69.1%,76.2%,83.8%,84.4%,85.6%,87.0%,86.7%,87.5%,88.8%,89.0%,89.2%
Percent with a BA or Higher,1.8%,2.9%,3.7%,4.2%,6.7%,12.5%,16.7%,24.0%,22.1%,22.9%,24.0%,24.0%,24.3%,26.7%,27.0%,26.2%
,,,,,,,,,,,,,,,,
18. Montclare,,,,,,,,,,,,,,,,
Total,"  5,701 ","  6,900 ","  7,656 ","  7,615 ","  7,528 ","  7,645 ","  8,226 ","  8,352 ","  8,345 ","  8,373 ","  8,499 ","8,778","9,351","9,331","9,653","9,802"
Not HS Graduate,"  4,699 ","  4,595 ","  5,235 ","  4,500 ","  3,607 ","  2,553 ","  2,108 ","  1,965 ","  1,889 ","  2,000 ","  1,907 ","1,832","2,104","1,927","1,858","2,054"
High School Graduate Only,  698 ,"  1,660 ","  1,667 ","  2,248 ","  2,425 ","  2,513 ","  2,693 ","  2,605 ","  2,654 ","  2,627 ","  2,854 ","2,702","2,995","2,842","3,028","3,170"
Some College,  168 ,  430 ,  507 ,  596 ,"  1,033 ","  1,709 ","  2,198 ","  2,263 ","  2,276 ","  2,372 ","  2,429 ","2,648","2,828","3,034","3,091","2,985"
BA or Higher,  136 ,  215 ,  247 ,  271 ,  463 ,  870 ,"  1,227 ","  1,519 ","  1,526 ","  1,374 ","  1,309 ","1,596","1,424","1,528","1,676","1,593"
Percent HS Grad or Higher,17.6%,33.4%,31.6%,40.9%,52.1%,66.6%,74.4%,76.5%,77.4%,76.1%,78.0%,79.1%,77.5%,79.4%,81.0%,79.0%
Percent with a BA or Higher,2.4%,3.1%,3.2%,3.6%,6.2%,11.4%,14.9%,18.2%,18.3%,16.4%,15.0%,18.2%,15.2%,16.4%,17.0%,16.3%
,,,,,,,,,,,,,,,,
19. Belmont Cragin,,,,,,,,,,,,,,,,
Total,"  37,945 ","  40,425 ","  39,700 ","  37,688 ","  36,827 ","  37,983 ","  45,390 ","  46,082 ","  46,237 ","  47,194 ","  48,026 ","47,960","49,249","50,692","50,137","50,523"
Not HS Graduate,"  31,846 ","  28,610 ","  27,133 ","  23,453 ","  18,730 ","  15,257 ","  18,768 ","  17,206 ","  17,720 ","  18,317 ","  17,870 ","17,264","17,758","16,618","15,912","15,968"
High School Graduate Only,"  4,244 ","  8,195 ","  8,413 ","  9,998 ","  11,671 ","  11,723 ","  13,286 ","  14,293 ","  13,682 ","  14,103 ","  14,039 ","14,405","15,003","16,250","15,655","15,450"
Some College,"  1,114 ","  2,235 ","  2,708 ","  2,746 ","  3,752 ","  7,207 ","  8,830 ","  9,671 ","  9,855 ","  9,629 ","  10,246 ","10,080","10,183","11,126","11,832","11,996"
BA or Higher,  741 ,"  1,385 ","  1,446 ","  1,491 ","  2,674 ","  3,796 ","  4,506 ","  4,912 ","  4,980 ","  5,145 ","  5,871 ","6,211","6,305","6,698","6,738","7,109"
Percent HS Grad or Higher,16.1%,29.2%,31.7%,37.8%,49.1%,59.8%,58.7%,62.7%,61.7%,61.2%,63.0%,64.0%,63.9%,67.2%,68.0%,68.4%
Percent with a BA or Higher,2.0%,3.4%,3.6%,4.0%,7.3%,10.0%,9.9%,10.7%,10.8%,10.9%,12.0%,13.0%,12.8%,13.2%,13.0%,14.1%
,,,,,,,,,,,,,,,,
20. Hermosa,,,,,,,,,,,,,,,,
Total,"  14,832 ","  14,760 ","  13,811 ","  12,357 ","  11,748 ","  13,023 ","  14,345 ","  14,747 ","  14,898 ","  14,891 ","  15,446 ","15,061","15,203","15,074","15,286","15,335"
Not HS Graduate,"  12,124 ","  10,005 ","  9,481 ","  7,670 ","  6,367 ","  6,252 ","  7,151 ","  6,138 ","  6,293 ","  6,187 ","  6,519 ","6,185","5,785","5,411","5,237","4,630"
High School Graduate Only,"  1,884 ","  3,335 ","  3,007 ","  3,394 ","  3,390 ","  3,564 ","  3,627 ","  4,476 ","  4,360 ","  4,155 ","  3,899 ","3,712","3,783","3,869","4,211","4,360"
Some College,  503 ,  910 ,  885 ,  893 ,"  1,087 ","  2,130 ","  2,406 ","  3,055 ","  3,085 ","  3,092 ","  3,307 ","3,329","3,371","3,343","3,396","3,353"
BA or Higher,  321 ,  510 ,  438 ,  400 ,  904 ,"  1,077 ","  1,161 ","  1,078 ","  1,160 ","  1,457 ","  1,721 ","1,835","2,264","2,451","2,442","2,992"
Percent HS Grad or Higher,18.3%,32.2%,31.4%,37.9%,45.8%,52.0%,50.1%,58.4%,57.8%,58.5%,58.0%,58.9%,61.9%,64.1%,66.0%,69.8%
Percent with a BA or Higher,2.2%,3.5%,3.2%,3.2%,7.7%,8.3%,8.1%,7.3%,7.8%,9.8%,11.0%,12.2%,14.9%,16.3%,16.0%,19.5%
,,,,,,,,,,,,,,,,
21. Avondale,,,,,,,,,,,,,,,,
Total,"  29,491 ","  28,910 ","  25,098 ","  21,968 ","  21,629 ","  23,782 ","  25,884 ","  26,905 ","  26,182 ","  25,728 ","  26,009 ","25,860","26,184","26,442","26,787","26,751"
Not HS Graduate,"  25,628 ","  21,125 ","  18,113 ","  14,380 ","  11,450 ","  9,954 ","  10,787 ","  6,637 ","  6,500 ","  6,729 ","  7,214 ","6,969","6,146","5,700","5,164","4,192"
High School Graduate Only,"  2,623 ","  5,405 ","  4,830 ","  5,430 ","  6,488 ","  6,839 ","  6,739 ","  8,954 ","  8,648 ","  7,624 ","  7,059 ","6,215","5,980","5,829","5,827","6,191"
Some College,  753 ,"  1,480 ","  1,505 ","  1,417 ","  2,019 ","  4,210 ","  5,147 ","  5,598 ","  4,925 ","  4,768 ","  4,848 ","5,016","5,370","5,612","5,729","5,466"
BA or Higher,  487 ,  900 ,  650 ,  741 ,"  1,672 ","  2,779 ","  3,211 ","  5,716 ","  6,109 ","  6,607 ","  6,888 ","7,660","8,688","9,301","10,067","10,902"
Percent HS Grad or Higher,13.1%,26.9%,27.8%,34.5%,47.1%,58.1%,58.3%,75.3%,75.2%,73.8%,72.0%,73.1%,76.5%,78.4%,81.0%,84.3%
Percent with a BA or Higher,1.7%,3.1%,2.6%,3.4%,7.7%,11.7%,12.4%,21.2%,23.3%,25.7%,26.0%,29.6%,33.2%,35.2%,38.0%,40.8%
,,,,,,,,,,,,,,,,
22. Logan Square,,,,,,,,,,,,,,,,
Total,"  68,535 ","  67,610 ","  58,314 ","  50,386 ","  46,278 ","  46,679 ","  49,556 ","  51,108 ","  51,158 ","  51,356 ","  51,982 ","52,623","52,874","53,821","54,120","54,350"
Not HS Graduate,"  57,636 ","  49,795 ","  42,280 ","  34,308 ","  27,952 ","  22,529 ","  20,098 ","  7,589 ","  6,511 ","  7,108 ","  6,750 ","6,607","5,828","5,523","4,705","4,548"
High School Graduate Only,"  7,052 ","  12,415 ","  10,858 ","  11,364 ","  10,904 ","  10,177 ","  8,582 ","  11,821 ","  11,947 ","  11,029 ","  10,732 ","10,204","9,971","9,796","9,887","9,071"
Some College,"  2,086 ","  3,370 ","  3,436 ","  2,766 ","  4,178 ","  8,166 ","  9,007 ","  9,070 ","  9,803 ","  9,681 ","  9,589 ","9,578","9,227","8,772","8,335","8,368"
BA or Higher,"  1,761 ","  2,030 ","  1,740 ","  1,948 ","  3,244 ","  5,807 ","  11,869 ","  22,628 ","  22,897 ","  23,538 ","  24,911 ","26,234","27,848","29,730","31,193","32,363"
Percent HS Grad or Higher,15.9%,26.3%,27.5%,31.9%,39.6%,51.7%,59.4%,85.2%,87.3%,86.2%,87.0%,87.4%,89.0%,89.7%,91.0%,91.6%
Percent with a BA or Higher,2.6%,3.0%,3.0%,3.9%,7.0%,12.4%,24.0%,44.3%,44.8%,45.8%,48.0%,49.9%,52.7%,55.2%,58.0%,59.5%
,,,,,,,,,,,,,,,,
23. Humboldt Park,,,,,,,,,,,,,,,,
Total,"  48,429 ","  47,320 ","  43,679 ","  37,708 ","  33,760 ","  33,562 ","  33,397 ","  31,709 ","  31,233 ","  31,296 ","  32,114 ","32,584","32,889","33,625","34,575","34,269"
Not HS Graduate,"  41,397 ","  34,630 ","  32,422 ","  27,068 ","  21,246 ","  18,021 ","  16,605 ","  11,231 ","  10,300 ","  9,589 ","  9,931 ","9,743","9,535","9,570","10,043","8,524"
High School Graduate Only,"  4,952 ","  9,345 ","  7,992 ","  7,752 ","  8,245 ","  8,588 ","  8,733 ","  9,627 ","  10,023 ","  10,261 ","  10,497 ","10,490","9,993","9,239","9,763","10,007"
Some College,"  1,254 ","  2,155 ","  2,196 ","  1,848 ","  2,635 ","  5,638 ","  6,302 ","  7,432 ","  7,450 ","  7,457 ","  7,594 ","7,811","8,522","9,166","9,191","9,420"
BA or Higher,  826 ,"  1,190 ","  1,069 ","  1,040 ","  1,634 ","  1,315 ","  1,757 ","  3,419 ","  3,460 ","  3,989 ","  4,092 ","4,540","4,839","5,650","5,578","6,318"
Percent HS Grad or Higher,14.5%,26.8%,25.8%,28.2%,37.1%,46.3%,50.3%,64.6%,67.0%,69.4%,69.0%,70.1%,71.0%,71.5%,71.0%,75.1%
Percent with a BA or Higher,1.7%,2.5%,2.4%,2.8%,4.8%,3.9%,5.3%,10.8%,11.1%,12.7%,13.0%,13.9%,14.7%,16.8%,16.0%,18.4%
,,,,,,,,,,,,,,,,
24. West Town,,,,,,,,,,,,,,,,
Total,"  94,822 ","  96,835 ","  80,162 ","  63,351 ","  49,479 ","  48,611 ","  56,951 ","  62,284 ","  62,026 ","  62,991 ","  64,374 ","64,222","65,006","64,985","66,832","64,463"
Not HS Graduate,"  86,841 ","  79,265 ","  64,544 ","  49,157 ","  34,083 ","  26,349 ","  16,834 ","  8,055 ","  7,811 ","  7,687 ","  7,302 ","6,703","5,869","4,673","4,053","3,767"
High School Graduate Only,"  5,002 ","  12,555 ","  10,236 ","  9,586 ","  8,670 ","  9,188 ","  10,001 ","  7,364 ","  7,645 ","  7,707 ","  7,362 ","7,152","6,776","6,068","6,772","6,110"
Some College,"  1,719 ","  2,950 ","  3,211 ","  2,505 ","  3,447 ","  7,341 ","  10,333 ","  9,719 ","  9,675 ","  9,544 ","  9,727 ","9,709","9,701","9,536","9,334","8,435"
BA or Higher,"  1,260 ","  2,065 ","  2,171 ","  2,103 ","  3,279 ","  5,733 ","  19,783 ","  37,146 ","  36,895 ","  38,053 ","  39,983 ","40,658","42,660","44,708","46,673","46,151"
Percent HS Grad or Higher,8.4%,18.1%,19.5%,22.4%,31.1%,45.8%,70.4%,87.1%,87.4%,87.8%,89.0%,89.6%,91.0%,92.8%,94.0%,94.2%
Percent with a BA or Higher,1.3%,2.1%,2.7%,3.3%,6.6%,11.8%,34.7%,59.6%,59.5%,60.4%,62.0%,63.3%,65.6%,68.8%,70.0%,71.6%
,,,,,,,,,,,,,,,,
25. Austin,,,,,,,,,,,,,,,,
Total,"  88,132 ","  87,675 ","  82,527 ","  72,525 ","  68,141 ","  63,882 ","  66,460 ","  61,288 ","  60,933 ","  61,370 ","  61,770 ","61,875","60,916","61,675","61,988","63,174"
Not HS Graduate,"  59,211 ","  48,970 ","  50,067 ","  40,524 ","  32,131 ","  25,227 ","  22,446 ","  14,973 ","  14,917 ","  15,038 ","  14,123 ","13,410","12,960","12,477","11,584","11,415"
High School Graduate Only,"  18,004 ","  24,230 ","  19,976 ","  20,876 ","  22,268 ","  18,341 ","  18,935 ","  21,543 ","  21,606 ","  21,453 ","  22,723 ","22,597","21,367","21,745","22,218","22,524"
Some College,"  5,712 ","  8,015 ","  7,490 ","  6,740 ","  9,348 ","  15,156 ","  19,310 ","  17,983 ","  17,545 ","  17,741 ","  17,239 ","17,641","17,984","18,728","18,847","19,725"
BA or Higher,"  5,205 ","  6,460 ","  4,994 ","  4,385 ","  4,394 ","  5,158 ","  5,769 ","  6,789 ","  6,865 ","  7,138 ","  7,685 ","8,227","8,605","8,725","9,339","9,510"
Percent HS Grad or Higher,32.8%,44.1%,39.3%,44.1%,52.8%,60.5%,66.2%,75.6%,75.5%,75.5%,77.0%,78.3%,78.7%,79.8%,81.0%,81.9%
Percent with a BA or Higher,5.9%,7.4%,6.1%,6.0%,6.4%,8.1%,8.7%,11.1%,11.3%,11.6%,12.0%,13.3%,14.1%,14.2%,15.0%,15.1%
,,,,,,,,,,,,,,,,
26. West Garfield Park,,,,,,,,,,,,,,,,
Total,"  30,897 ","  30,680 ","  24,587 ","  20,027 ","  14,847 ","  13,175 ","  12,403 ","  10,231 ","  10,206 ","  10,427 ","  10,043 ","9,710","9,618","9,858","9,802","10,492"
Not HS Graduate,"  23,041 ","  19,930 ","  18,268 ","  13,807 ","  9,144 ","  6,607 ","  5,215 ","  2,508 ","  2,604 ","  2,827 ","  2,771 ","2,760","2,651","2,739","2,639","2,655"
High School Graduate Only,"  5,310 ","  7,270 ","  4,362 ","  4,843 ","  4,085 ","  3,656 ","  3,973 ","  4,031 ","  4,179 ","  4,071 ","  4,025 ","3,650","3,573","3,577","3,539","3,689"
Some College,"  1,260 ","  2,050 ","  1,277 ","  1,125 ","  1,332 ","  2,484 ","  2,596 ","  2,972 ","  2,789 ","  3,072 ","  2,847 ","2,790","2,911","2,991","3,021","3,410"
BA or Higher,"  1,286 ","  1,430 ",  680 ,  252 ,  286 ,  428 ,  619 ,  720 ,  634 ,  457 ,  400 ,510,483,551,603,738
Percent HS Grad or Higher,25.4%,35.0%,25.7%,31.1%,38.4%,49.9%,58.0%,75.5%,74.5%,72.9%,72.0%,71.6%,72.4%,72.2%,73.0%,74.7%
Percent with a BA or Higher,4.2%,4.7%,2.8%,1.3%,1.9%,3.2%,5.0%,7.0%,6.2%,4.4%,4.0%,5.3%,5.0%,5.6%,6.0%,7.0%
,,,,,,,,,,,,,,,,
27. East Garfield Park,,,,,,,,,,,,,,,,
Total,"  40,482 ","  42,635 ","  31,343 ","  21,764 ","  15,115 ","  13,245 ","  11,567 ","  11,527 ","  11,806 ","  11,708 ","  11,810 ","11,867","11,789","11,371","11,467","11,360"
Not HS Graduate,"  32,178 ","  30,105 ","  24,449 ","  15,590 ","  9,169 ","  6,517 ","  4,557 ","  2,454 ","  2,482 ","  2,456 ","  2,549 ","2,545","2,537","2,388","2,489","2,362"
High School Graduate Only,"  5,270 ","  8,320 ","  4,305 ","  4,804 ","  3,879 ","  3,563 ","  2,835 ","  3,839 ","  4,009 ","  4,039 ","  4,190 ","4,007","4,002","3,844","3,567","3,348"
Some College,"  1,557 ","  2,520 ","  1,699 ","  1,110 ","  1,687 ","  2,514 ","  3,285 ","  3,577 ","  3,702 ","  3,658 ","  3,571 ","3,519","3,527","3,328","3,533","3,513"
BA or Higher,"  1,477 ","  1,690 ",  890 ,  260 ,  380 ,  651 ,  890 ,"  1,657 ","  1,613 ","  1,555 ","  1,500 ","1,796","1,723","1,811","1,878","2,137"
Percent HS Grad or Higher,20.5%,29.4%,22.0%,28.4%,39.3%,50.8%,60.6%,78.7%,79.0%,79.0%,78.0%,78.6%,78.5%,79.0%,78.0%,79.2%
Percent with a BA or Higher,3.6%,4.0%,2.8%,1.2%,2.5%,4.9%,7.7%,14.4%,13.7%,13.3%,13.0%,15.1%,14.6%,15.9%,16.0%,18.8%
,,,,,,,,,,,,,,,,
28. Near West Side,,,,,,,,,,,,,,,,
Total,"  81,056 ","  84,790 ","  63,114 ","  34,668 ","  26,578 ","  24,366 ","  27,177 ","  37,589 ","  38,583 ","  39,888 ","  41,339 ","42,174","42,429","42,722","43,526","44,217"
Not HS Graduate,"  71,524 ","  69,255 ","  51,530 ","  25,124 ","  15,935 ","  10,386 ","  7,869 ","  3,593 ","  3,692 ","  3,369 ","  3,397 ","3,511","3,492","3,186","2,839","2,712"
High School Graduate Only,"  5,439 ","  10,100 ","  7,005 ","  6,522 ","  4,718 ","  4,560 ","  4,172 ","  4,408 ","  4,492 ","  4,445 ","  4,556 ","4,597","4,584","4,679","4,618","4,346"
Some College,"  2,159 ","  3,275 ","  2,353 ","  1,464 ","  2,487 ","  4,369 ","  4,739 ","  6,492 ","  6,156 ","  6,060 ","  6,142 ","6,141","6,066","6,074","6,151","6,386"
BA or Higher,"  1,934 ","  2,160 ","  2,226 ","  1,558 ","  3,438 ","  5,051 ","  10,397 ","  23,096 ","  24,243 ","  26,014 ","  27,244 ","27,925","28,287","28,783","29,918","30,773"
Percent HS Grad or Higher,11.8%,18.3%,18.4%,27.5%,40.0%,57.4%,71.0%,90.4%,90.4%,91.6%,92.0%,91.7%,91.8%,92.5%,93.0%,93.9%
Percent with a BA or Higher,2.4%,2.5%,3.5%,4.5%,12.9%,20.7%,38.3%,61.4%,62.8%,65.2%,66.0%,66.2%,66.7%,67.4%,69.0%,69.6%
,,,,,,,,,,,,,,,,
29. North Lawndale,,,,,,,,,,,,,,,,
Total,"  60,713 ","  61,685 ","  54,365 ","  37,316 ","  27,657 ","  24,451 ","  21,461 ","  19,318 ","  19,376 ","  19,315 ","  19,565 ","20,497","20,442","19,855","19,386","19,784"
Not HS Graduate,"  51,035 ","  44,565 ","  43,096 ","  26,389 ","  16,848 ","  12,697 ","  8,483 ","  5,327 ","  5,465 ","  5,195 ","  5,162 ","5,471","5,093","4,863","4,490","4,037"
High School Graduate Only,"  6,583 ","  12,145 ","  7,715 ","  8,248 ","  7,091 ","  6,402 ","  6,311 ","  6,811 ","  6,546 ","  6,265 ","  6,093 ","6,533","6,187","6,196","6,231","6,342"
Some College,"  1,717 ","  3,050 ","  2,720 ","  1,997 ","  2,890 ","  4,360 ","  5,156 ","  5,269 ","  5,672 ","  5,966 ","  6,176 ","6,362","6,732","6,339","6,254","6,665"
BA or Higher,"  1,378 ","  1,925 ",  834 ,  682 ,  828 ,  992 ,"  1,511 ","  1,911 ","  1,693 ","  1,889 ","  2,134 ","2,131","2,430","2,457","2,411","2,740"
Percent HS Grad or Higher,15.9%,27.8%,20.7%,29.3%,39.1%,48.1%,60.5%,72.4%,71.8%,73.1%,74.0%,73.3%,75.1%,75.5%,77.0%,79.6%
Percent with a BA or Higher,2.3%,3.1%,1.5%,1.8%,3.0%,4.1%,7.0%,9.9%,8.7%,9.8%,11.0%,10.4%,11.9%,12.4%,12.0%,13.8%
,,,,,,,,,,,,,,,,
30. South Lawndale,,,,,,,,,,,,,,,,
Total,"  43,417 ","  41,060 ","  37,590 ","  33,652 ","  35,520 ","  39,334 ","  46,511 ","  39,881 ","  40,232 ","  41,598 ","  42,353 ","42,649","43,599","44,053","43,860","44,672"
Not HS Graduate,"  39,115 ","  31,965 ","  28,907 ","  24,567 ","  25,800 ","  27,175 ","  29,168 ","  21,873 ","  22,402 ","  22,549 ","  21,491 ","21,173","21,534","21,074","19,584","18,343"
High School Graduate Only,"  2,929 ","  7,020 ","  6,162 ","  6,587 ","  6,575 ","  6,837 ","  9,058 ","  10,275 ","  10,179 ","  10,925 ","  11,783 ","11,936","12,326","12,403","13,574","14,557"
Some College,  803 ,"  1,340 ","  1,715 ","  1,516 ","  2,153 ","  4,018 ","  6,097 ","  5,413 ","  5,410 ","  5,808 ","  6,618 ","6,565","6,529","7,069","6,765","6,948"
BA or Higher,  570 ,  735 ,  806 ,  982 ,  992 ,"  1,304 ","  2,188 ","  2,320 ","  2,241 ","  2,316 ","  2,461 ","2,975","3,210","3,507","3,937","4,824"
Percent HS Grad or Higher,9.9%,22.2%,23.1%,27.0%,27.4%,30.9%,37.3%,45.2%,44.3%,45.8%,49.0%,50.4%,50.6%,52.2%,55.0%,58.9%
Percent with a BA or Higher,1.3%,1.8%,2.1%,2.9%,2.8%,3.3%,4.7%,5.8%,5.6%,5.6%,6.0%,7.0%,7.4%,8.0%,9.0%,10.8%
,,,,,,,,,,,,,,,,
31. Lower West Side,,,,,,,,,,,,,,,,
Total,"  33,268 ","  33,700 ","  27,227 ","  22,164 ","  21,769 ","  22,080 ","  23,010 ","  22,500 ","  22,142 ","  22,044 ","  21,977 ","21,492","22,061","22,660","23,078","23,373"
Not HS Graduate,"  31,235 ","  28,670 ","  22,768 ","  17,487 ","  16,333 ","  14,949 ","  12,997 ","  9,158 ","  8,654 ","  7,733 ","  7,713 ","7,056","7,288","6,891","6,513","5,432"
High School Graduate Only,"  1,248 ","  3,780 ","  3,247 ","  3,398 ","  3,398 ","  3,766 ","  4,536 ","  5,471 ","  5,186 ","  5,688 ","  5,139 ","4,673","4,341","4,395","3,874","4,424"
Some College,  444 ,  840 ,  743 ,  668 ,"  1,152 ","  2,191 ","  3,339 ","  3,869 ","  3,869 ","  3,903 ","  4,050 ","3,999","3,989","4,287","4,657","4,470"
BA or Higher,  341 ,  410 ,  469 ,  611 ,  886 ,"  1,174 ","  2,138 ","  4,002 ","  4,433 ","  4,720 ","  5,075 ","5,764","6,443","7,087","8,034","9,047"
Percent HS Grad or Higher,6.1%,14.9%,16.4%,21.1%,25.0%,32.3%,43.5%,59.3%,60.9%,64.9%,65.0%,67.2%,67.0%,69.6%,72.0%,76.8%
Percent with a BA or Higher,1.0%,1.2%,1.7%,2.8%,4.1%,5.3%,9.3%,17.8%,20.0%,21.4%,23.0%,26.8%,29.2%,31.3%,35.0%,38.7%
,,,,,,,,,,,,,,,,
32. Loop,,,,,,,,,,,,,,,,
Total,"  5,752 ","  3,920 ","  3,792 ","  4,387 ","  5,670 ","  10,408 ","  13,118 ","  19,406 ","  21,394 ","  23,250 ","  24,846 ","26,192","27,133","28,702","29,298","30,649"
Not HS Graduate,"  3,542 ","  2,240 ","  2,350 ","  1,616 ","  1,707 ",  962 ,  750 ,  604 ,  514 ,  525 ,  438 ,422,486,400,506,1217
High School Graduate Only,  827 ,  715 ,  539 ,"  1,222 ","  1,718 ","  1,306 ","  1,252 ","  1,098 ","  1,173 ","  1,333 ","  1,273 ","1,422","1,357","1,047","1,153","1,011"
Some College,  760 ,  590 ,  408 ,  696 ,  961 ,"  2,274 ","  2,674 ","  2,405 ","  2,844 ","  3,184 ","  3,566 ","3,920","3,719","4,198","3,560","3,158"
BA or Higher,  623 ,  375 ,  495 ,  853 ,"  1,284 ","  5,866 ","  8,442 ","  15,299 ","  16,863 ","  18,208 ","  19,569 ","20,428","21,571","23,057","24,079","25,263"
Percent HS Grad or Higher,38.4%,42.9%,38.0%,63.2%,69.9%,90.8%,94.3%,96.9%,97.6%,97.7%,98.0%,98.4%,98.2%,98.6%,98.0%,96.0%
Percent with a BA or Higher,10.8%,9.6%,13.1%,19.4%,22.6%,56.4%,64.4%,78.8%,78.8%,78.3%,79.0%,78.0%,79.5%,80.3%,82.0%,82.4%
,,,,,,,,,,,,,,,,
33. Near South Side,,,,,,,,,,,,,,,,
Total,"  5,049 ","  6,330 ","  5,033 ","  4,096 ","  3,113 ","  3,587 ","  6,424 ","  16,211 ","  16,839 ","  17,514 ","  17,356 ","18,401","19,179","20,070","20,850","22,967"
Not HS Graduate,"  3,865 ","  5,060 ","  4,031 ","  2,755 ","  1,634 ","  1,591 ","  1,364 ","  1,203 ","  1,170 ","  1,137 ","  1,111 ",612,642,659,763,1103
High School Graduate Only,  614 ,  705 ,  648 ,  853 ,  744 ,  851 ,  758 ,"  1,584 ","  1,541 ","  1,372 ","  1,267 ","1,110","1,340","1,318","1,591","1,184"
Some College,  326 ,  300 ,  206 ,  281 ,  448 ,  797 ,"  1,570 ","  2,528 ","  2,381 ","  3,048 ","  2,772 ","3,170","3,122","3,390","2,893","2,890"
BA or Higher,  244 ,  265 ,  148 ,  207 ,  287 ,  348 ,"  2,732 ","  10,896 ","  11,747 ","  11,957 ","  12,206 ","13,509","14,075","14,703","15,603","17,790"
Percent HS Grad or Higher,23.5%,20.1%,19.9%,32.7%,47.5%,55.6%,78.8%,92.6%,93.1%,93.5%,94.0%,96.7%,96.7%,96.7%,96.0%,95.2%
Percent with a BA or Higher,4.8%,4.2%,2.9%,5.1%,9.2%,9.7%,42.5%,67.2%,69.8%,68.3%,70.0%,73.4%,73.4%,73.3%,75.0%,77.5%
,,,,,,,,,,,,,,,,
34. Armour Square,,,,,,,,,,,,,,,,
Total,"  9,910 ","  12,605 ","  8,154 ","  6,897 ","  7,502 ","  7,403 ","  8,535 ","  9,807 ","  10,004 ","  9,745 ","  10,073 ","9,930","9,952","10,400","10,308","9,983"
Not HS Graduate,"  9,311 ","  10,825 ","  6,540 ","  5,013 ","  4,470 ","  3,831 ","  3,763 ","  3,387 ","  3,310 ","  3,285 ","  3,471 ","3,336","3,345","3,843","3,843","3,352"
High School Graduate Only,  409 ,"  1,275 ","  1,206 ","  1,426 ","  1,943 ","  1,761 ","  2,127 ","  3,091 ","  3,181 ","  2,990 ","  2,954 ","2,997","3,030","2,922","2,522","2,498"
Some College,  110 ,  330 ,  318 ,  274 ,  541 ,  857 ,"  1,217 ","  1,274 ","  1,332 ","  1,419 ","  1,510 ","1,414","1,325","1,286","1,282","1,285"
BA or Higher,  80 ,  175 ,  90 ,  184 ,  548 ,  954 ,"  1,428 ","  2,055 ","  2,181 ","  2,051 ","  2,138 ","2,183","2,252","2,349","2,661","2,848"
Percent HS Grad or Higher,6.0%,14.1%,19.8%,27.3%,40.4%,48.3%,55.9%,65.5%,66.9%,66.3%,66.0%,66.4%,66.4%,63.1%,63.0%,66.4%
Percent with a BA or Higher,0.8%,1.4%,1.1%,2.7%,7.3%,12.9%,16.7%,21.0%,21.8%,21.0%,21.0%,22.0%,22.6%,22.6%,26.0%,28.5%
,,,,,,,,,,,,,,,,
35. Douglas,,,,,,,,,,,,,,,,
Total,"  33,379 ","  44,420 ","  25,512 ","  21,125 ","  19,082 ","  17,440 ","  15,568 ","  12,459 ","  12,191 ","  12,806 ","  13,384 ","13,695","13,957","14,257","13,947","14,361"
Not HS Graduate,"  29,343 ","  36,280 ","  17,384 ","  11,503 ","  7,780 ","  6,186 ","  4,184 ","  1,778 ","  1,714 ","  1,858 ","  1,824 ","1,748","1,592","1,627","1,514","1,593"
High School Graduate Only,"  2,432 ","  5,485 ","  3,928 ","  4,169 ","  4,078 ","  3,200 ","  3,028 ","  2,252 ","  2,238 ","  2,536 ","  2,588 ","2,635","2,719","2,560","2,396","2,344"
Some College,  933 ,"  1,700 ","  1,948 ","  2,318 ","  3,276 ","  4,321 ","  4,390 ","  3,581 ","  3,486 ","  3,547 ","  3,550 ","3,799","3,765","3,781","3,849","4,238"
BA or Higher,  671 ,  955 ,"  2,252 ","  3,135 ","  3,948 ","  3,733 ","  3,966 ","  4,848 ","  4,753 ","  4,865 ","  5,422 ","5,513","5,881","6,289","6,188","6,186"
Percent HS Grad or Higher,12.1%,18.3%,31.9%,45.5%,59.2%,64.5%,73.1%,85.7%,85.9%,85.5%,86.0%,87.2%,88.6%,88.6%,89.0%,88.9%
Percent with a BA or Higher,2.0%,2.1%,8.8%,14.8%,20.7%,21.4%,25.5%,38.9%,39.0%,38.0%,41.0%,40.3%,42.1%,44.1%,44.0%,43.1%
,,,,,,,,,,,,,,,,
36. Oakland,,,,,,,,,,,,,,,,
Total,"  9,561 ","  13,815 ","  11,110 ","  6,994 ","  6,145 ","  3,751 ","  3,078 ","  3,902 ","  3,738 ","  3,793 ","  3,708 ","3,762","3,874","4,010","4,344","4,293"
Not HS Graduate,"  6,986 ","  9,435 ","  8,832 ","  5,203 ","  3,616 ","  1,953 ","  1,220 ",  717 ,  702 ,  717 ,  552 ,578,602,477,404,349
High School Graduate Only,"  1,575 ","  2,845 ","  1,589 ","  1,324 ","  1,502 ",  985 ,  779 ,  778 ,  817 ,  718 ,  717 ,856,919,964,1085,937
Some College,  585 ,  960 ,  539 ,  330 ,  818 ,  643 ,  786 ,"  1,447 ","  1,373 ","  1,274 ","  1,395 ","1,418","1,257","1,293","1,415","1,413"
BA or Higher,  415 ,  575 ,  150 ,  137 ,  209 ,  170 ,  293 ,  960 ,  846 ,"  1,084 ","  1,044 ",910,"1,096","1,276","1,440","1,594"
Percent HS Grad or Higher,26.9%,31.7%,20.5%,25.6%,41.2%,47.9%,60.4%,81.6%,81.2%,81.1%,85.0%,84.6%,84.5%,88.1%,91.0%,91.9%
Percent with a BA or Higher,4.3%,4.2%,1.4%,2.0%,3.4%,4.5%,9.5%,24.6%,22.6%,28.6%,28.0%,24.2%,28.3%,31.8%,33.0%,37.1%
,,,,,,,,,,,,,,,,
37. Fuller Park,,,,,,,,,,,,,,,,
Total,"  7,969 ","  9,370 ","  5,729 ","  3,440 ","  3,126 ","  2,703 ","  2,092 ","  1,749 ","  1,846 ","  1,728 ","  1,719 ","1,727","1,758","1,741","1,699","1,482"
Not HS Graduate,"  7,311 ","  7,810 ","  4,728 ","  2,584 ","  2,097 ","  1,484 ",  727 ,  466 ,  538 ,  414 ,  428 ,462,471,426,369,352
High School Graduate Only,  452 ,"  1,185 ",  630 ,  610 ,  713 ,  594 ,  683 ,  573 ,  535 ,  592 ,  602 ,622,632,717,718,551
Some College,  131 ,  265 ,  319 ,  173 ,  284 ,  510 ,  559 ,  499 ,  599 ,  492 ,  494 ,452,435,411,456,426
BA or Higher,  75 ,  110 ,  52 ,  73 ,  32 ,  115 ,  123 ,  211 ,  174 ,  230 ,  195 ,191,220,187,156,153
Percent HS Grad or Higher,8.3%,16.6%,17.5%,24.9%,32.9%,45.1%,65.2%,73.4%,70.9%,76.0%,75.0%,73.2%,73.2%,75.5%,78.0%,76.2%
Percent with a BA or Higher,0.9%,1.2%,0.9%,2.1%,1.0%,4.3%,5.9%,12.1%,9.4%,13.3%,11.0%,11.1%,12.5%,10.7%,9.0%,10.3%
,,,,,,,,,,,,,,,,
38. Grand Boulevard,,,,,,,,,,,,,,,,
Total,"  67,157 ","  74,630 ","  49,067 ","  39,042 ","  27,065 ","  18,670 ","  15,273 ","  14,890 ","  14,971 ","  14,719 ","  14,775 ","14,704","15,137","15,245","15,449","16,608"
Not HS Graduate,"  56,880 ","  58,875 ","  37,943 ","  29,040 ","  17,722 ","  10,188 ","  5,892 ","  2,371 ","  2,410 ","  2,309 ","  2,321 ","2,177","2,215","2,186","2,030","2,012"
High School Graduate Only,"  6,240 ","  10,115 ","  7,445 ","  7,541 ","  5,969 ","  4,604 ","  3,898 ","  3,525 ","  3,591 ","  3,453 ","  3,475 ","3,354","3,264","3,110","3,395","3,431"
Some College,"  2,399 ","  3,725 ","  2,545 ","  1,793 ","  2,602 ","  2,866 ","  3,966 ","  5,062 ","  5,154 ","  5,069 ","  5,012 ","5,197","5,356","5,183","4,841","5,201"
BA or Higher,"  1,638 ","  1,915 ","  1,134 ",  668 ,  772 ,"  1,012 ","  1,517 ","  3,932 ","  3,816 ","  3,888 ","  3,967 ","3,976","4,302","4,766","5,183","5,964"
Percent HS Grad or Higher,15.3%,21.1%,22.7%,25.6%,34.5%,45.4%,61.4%,84.1%,83.9%,84.3%,84.0%,85.2%,85.4%,85.7%,87.0%,87.9%
Percent with a BA or Higher,2.4%,2.6%,2.3%,1.7%,2.9%,5.4%,9.9%,26.4%,25.5%,26.4%,27.0%,27.0%,28.4%,31.3%,34.0%,35.9%
,,,,,,,,,,,,,,,,
39. Kenwood,,,,,,,,,,,,,,,,
Total,"  21,370 ","  23,260 ","  23,282 ","  15,997 ","  14,288 ","  12,650 ","  12,551 ","  12,666 ","  12,552 ","  12,757 ","  12,659 ","12,355","12,674","12,916","13,029","13,335"
Not HS Graduate,"  11,116 ","  10,480 ","  14,364 ","  8,116 ","  4,401 ","  2,994 ","  2,025 ","  1,432 ","  1,376 ","  1,232 ","  1,104 ",992,946,1033,752,698
High School Graduate Only,"  5,556 ","  6,255 ","  4,640 ","  4,016 ","  3,026 ","  1,979 ","  1,869 ","  1,886 ","  1,765 ","  1,652 ","  1,723 ","1,491","1,544","1,526","1,685","2,032"
Some College,"  2,268 ","  3,025 ","  2,197 ","  1,482 ","  2,516 ","  2,846 ","  3,048 ","  3,208 ","  2,945 ","  2,995 ","  2,989 ","3,037","3,075","2,893","2,912","2,764"
BA or Higher,"  2,430 ","  3,500 ","  2,081 ","  2,383 ","  4,345 ","  4,831 ","  5,609 ","  6,140 ","  6,466 ","  6,878 ","  6,843 ","6,835","7,109","7,464","7,680","7,841"
Percent HS Grad or Higher,48.0%,54.9%,38.3%,49.3%,69.2%,76.3%,83.9%,88.7%,89.0%,90.3%,91.0%,92.0%,92.5%,92.0%,94.0%,94.8%
Percent with a BA or Higher,11.4%,15.0%,8.9%,14.9%,30.4%,38.2%,44.7%,48.5%,51.5%,53.9%,54.0%,55.3%,56.1%,57.8%,59.0%,58.8%
,,,,,,,,,,,,,,,,
40. Washington Park,,,,,,,,,,,,,,,,
Total,"  34,739 ","  37,880 ","  28,994 ","  24,385 ","  16,216 ","  10,079 ","  7,213 ","  6,233 ","  6,046 ","  6,099 ","  6,312 ","6,463","6,491","6,711","6,488","6,374"
Not HS Graduate,"  27,071 ","  26,320 ","  20,985 ","  16,939 ","  9,749 ","  5,242 ","  2,868 ","  1,583 ","  1,583 ","  1,311 ","  1,219 ","1,152","1,152","1,090","1,136","1,049"
High School Graduate Only,"  4,732 ","  7,480 ","  5,079 ","  5,770 ","  4,257 ","  2,785 ","  2,171 ","  1,815 ","  1,628 ","  1,682 ","  1,781 ","1,786","2,025","2,225","2,087","2,049"
Some College,"  1,897 ","  2,815 ","  2,141 ","  1,273 ","  1,785 ","  1,692 ","  1,745 ","  1,904 ","  1,915 ","  2,006 ","  2,245 ","2,258","2,148","2,206","2,127","2,038"
BA or Higher,"  1,039 ","  1,265 ",  789 ,  403 ,  425 ,  360 ,  429 ,  931 ,  920 ,"  1,100 ","  1,067 ","1,267","1,166","1,190","1,138","1,238"
Percent HS Grad or Higher,22.1%,30.5%,27.6%,30.5%,39.9%,48.0%,60.2%,74.6%,73.8%,78.5%,81.0%,82.2%,82.3%,83.8%,82.0%,83.5%
Percent with a BA or Higher,3.0%,3.3%,2.7%,1.7%,2.6%,3.6%,5.9%,14.9%,15.2%,18.0%,17.0%,19.6%,18.0%,17.7%,18.0%,19.4%
,,,,,,,,,,,,,,,,
41. Hyde Park,,,,,,,,,,,,,,,,
Total,"  36,192 ","  37,415 ","  29,045 ","  20,323 ","  20,167 ","  19,306 ","  20,096 ","  17,610 ","  17,671 ","  17,270 ","  16,960 ","17,011","17,023","17,470","17,746","17,930"
Not HS Graduate,"  16,018 ","  13,780 ","  11,271 ","  4,555 ","  2,924 ","  1,590 ","  1,472 ",  754 ,  727 ,  702 ,  562 ,583,578,565,706,708
High School Graduate Only,"  8,856 ","  9,220 ","  5,921 ","  3,800 ","  2,774 ","  1,861 ","  1,639 ","  1,481 ","  1,495 ","  1,415 ","  1,335 ","1,209","1,171","1,143",966,828
Some College,"  4,197 ","  5,535 ","  4,128 ","  3,054 ","  3,141 ","  3,650 ","  3,914 ","  3,132 ","  2,989 ","  2,804 ","  2,677 ","2,559","2,552","2,660","2,691","2,533"
BA or Higher,"  7,121 ","  8,880 ","  7,725 ","  8,914 ","  11,328 ","  12,205 ","  13,071 ","  12,243 ","  12,460 ","  12,349 ","  12,386 ","12,660","12,722","13,102","13,383","13,861"
Percent HS Grad or Higher,55.7%,63.2%,61.2%,77.6%,85.5%,91.8%,92.7%,95.7%,95.9%,95.9%,97.0%,96.6%,96.6%,96.8%,96.0%,96.1%
Percent with a BA or Higher,19.7%,23.7%,26.6%,43.9%,56.2%,63.2%,65.0%,69.5%,70.5%,71.5%,73.0%,74.4%,74.7%,75.0%,75.0%,77.3%
,,,,,,,,,,,,,,,,
42. Woodlawn,,,,,,,,,,,,,,,,
Total,"  50,021 ","  54,120 ","  46,797 ","  29,570 ","  21,028 ","  16,825 ","  15,579 ","  15,403 ","  15,113 ","  15,164 ","  15,428 ","15,450","15,187","15,275","15,691","16,244"
Not HS Graduate,"  31,191 ","  29,465 ","  31,294 ","  18,649 ","  10,919 ","  7,395 ","  5,031 ","  2,545 ","  2,343 ","  2,480 ","  2,528 ","2,156","2,075","2,086","2,042","2,059"
High School Graduate Only,"  11,020 ","  12,715 ","  9,067 ","  7,490 ","  5,785 ","  3,616 ","  4,161 ","  3,805 ","  3,495 ","  3,286 ","  3,333 ","3,232","3,102","3,356","3,871","3,714"
Some College,"  3,804 ","  6,110 ","  4,032 ","  2,046 ","  2,695 ","  4,256 ","  4,416 ","  5,234 ","  5,349 ","  5,345 ","  5,657 ","5,723","5,500","5,237","5,234","5,636"
BA or Higher,"  4,006 ","  5,830 ","  2,404 ","  1,385 ","  1,629 ","  1,558 ","  1,971 ","  3,819 ","  3,926 ","  4,053 ","  3,910 ","4,339","4,510","4,596","4,544","4,835"
Percent HS Grad or Higher,37.6%,45.6%,33.1%,36.9%,48.1%,56.0%,67.7%,83.5%,84.5%,83.6%,84.0%,86.0%,86.3%,86.3%,87.0%,87.3%
Percent with a BA or Higher,8.0%,10.8%,5.1%,4.7%,7.7%,9.3%,12.7%,24.8%,26.0%,26.7%,25.0%,28.1%,29.7%,30.1%,29.0%,29.8%
,,,,,,,,,,,,,,,,
43. South Shore,,,,,,,,,,,,,,,,
Total,"  55,555 ","  55,120 ","  52,275 ","  49,983 ","  44,553 ","  38,752 ","  38,299 ","  31,380 ","  32,248 ","  31,745 ","  31,801 ","31,376","31,893","32,735","33,840","35,090"
Not HS Graduate,"  25,608 ","  21,750 ","  23,274 ","  21,271 ","  14,219 ","  10,773 ","  8,338 ","  4,390 ","  4,588 ","  4,571 ","  4,260 ","3,800","3,642","3,401","3,178","3,453"
High School Graduate Only,"  16,530 ","  17,210 ","  14,392 ","  14,672 ","  13,421 ","  9,108 ","  9,449 ","  7,943 ","  8,130 ","  8,296 ","  8,231 ","7,822","7,886","8,512","8,813","8,838"
Some College,"  6,271 ","  8,020 ","  7,662 ","  7,314 ","  10,225 ","  12,665 ","  13,538 ","  11,900 ","  12,253 ","  11,991 ","  12,651 ","12,543","12,798","13,326","13,840","14,293"
BA or Higher,"  7,146 ","  8,140 ","  6,947 ","  6,726 ","  6,688 ","  6,206 ","  6,974 ","  7,147 ","  7,277 ","  6,887 ","  6,659 ","7,211","7,567","7,496","8,009","8,506"
Percent HS Grad or Higher,53.9%,60.5%,55.5%,57.4%,68.1%,72.2%,78.2%,86.0%,85.8%,85.6%,87.0%,87.9%,88.6%,89.6%,91.0%,90.2%
Percent with a BA or Higher,12.9%,14.8%,13.3%,13.5%,15.0%,16.0%,18.2%,22.8%,22.6%,21.7%,21.0%,23.0%,23.7%,22.9%,24.0%,24.2%
,,,,,,,,,,,,,,,,
44. Chatham,,,,,,,,,,,,,,,,
Total,"  24,929 ","  27,020 ","  27,258 ","  29,000 ","  26,746 ","  26,069 ","  25,181 ","  22,356 ","  21,577 ","  21,714 ","  21,836 ","21,128","21,233","21,715","21,842","22,397"
Not HS Graduate,"  14,891 ","  13,015 ","  14,036 ","  12,617 ","  9,118 ","  7,064 ","  5,577 ","  3,243 ","  2,877 ","  2,837 ","  2,959 ","2,594","2,476","2,798","2,688","2,639"
High School Graduate Only,"  6,234 ","  8,195 ","  6,950 ","  9,255 ","  8,203 ","  6,402 ","  6,216 ","  5,958 ","  5,537 ","  5,888 ","  6,042 ","5,920","5,762","6,132","5,819","5,605"
Some College,"  2,001 ","  3,140 ","  3,679 ","  4,426 ","  6,032 ","  8,422 ","  8,601 ","  8,181 ","  7,924 ","  7,479 ","  7,945 ","7,800","7,836","8,079","8,114","7,937"
BA or Higher,"  1,803 ","  2,670 ","  2,593 ","  2,702 ","  3,393 ","  4,181 ","  4,787 ","  4,974 ","  5,239 ","  5,510 ","  4,890 ","4,814","5,159","4,706","5,221","6,216"
Percent HS Grad or Higher,40.3%,51.8%,48.5%,56.5%,65.9%,72.9%,77.9%,85.5%,86.7%,86.9%,86.0%,87.7%,88.3%,87.1%,88.0%,88.2%
Percent with a BA or Higher,7.2%,9.9%,9.5%,9.3%,12.7%,16.0%,19.0%,22.2%,24.3%,25.4%,22.0%,22.8%,24.3%,21.7%,24.0%,27.8%
,,,,,,,,,,,,,,,,
45. Avalon Park,,,,,,,,,,,,,,,,
Total,"  6,663 ","  7,145 ","  7,970 ","  7,815 ","  7,883 ","  7,820 ","  7,525 ","  6,954 ","  7,344 ","  7,288 ","  7,064 ","7,098","7,096","6,888","7,014","6,960"
Not HS Graduate,"  4,064 ","  3,370 ","  3,411 ","  3,098 ","  2,381 ","  1,734 ","  1,494 ",  737 ,  726 ,  764 ,  809 ,854,984,895,736,668
High School Graduate Only,"  1,612 ","  2,255 ","  2,330 ","  2,238 ","  2,421 ","  1,985 ","  1,647 ","  1,674 ","  1,740 ","  1,715 ","  1,790 ","1,694","1,817","1,806","1,893","1,930"
Some College,  510 ,  735 ,"  1,228 ","  1,464 ","  1,778 ","  2,529 ","  2,749 ","  2,916 ","  3,220 ","  3,174 ","  2,904 ","2,947","2,608","2,350","2,435","2,126"
BA or Higher,  477 ,  785 ,"  1,001 ","  1,015 ","  1,303 ","  1,572 ","  1,635 ","  1,627 ","  1,658 ","  1,635 ","  1,561 ","1,603","1,687","1,837","1,950","2,236"
Percent HS Grad or Higher,39.0%,52.8%,57.2%,60.4%,69.8%,77.8%,80.1%,89.4%,90.1%,89.5%,89.0%,88.0%,86.1%,87.0%,90.0%,90.4%
Percent with a BA or Higher,7.2%,11.0%,12.6%,13.0%,16.5%,20.1%,21.7%,23.4%,22.6%,22.4%,22.0%,22.6%,23.8%,26.7%,28.0%,32.1%
,,,,,,,,,,,,,,,,
46. South Chicago,,,,,,,,,,,,,,,,
Total,"  30,318 ","  32,280 ","  29,702 ","  25,722 ","  24,078 ","  22,557 ","  21,633 ","  18,358 ","  17,960 ","  17,534 ","  17,287 ","17,148","17,481","17,808","18,476","18,492"
Not HS Graduate,"  25,056 ","  23,850 ","  20,865 ","  15,883 ","  12,411 ","  9,170 ","  7,369 ","  4,885 ","  4,521 ","  4,452 ","  3,962 ","3,450","3,287","3,340","3,236","3,265"
High School Graduate Only,"  3,223 ","  5,420 ","  5,465 ","  6,467 ","  6,486 ","  5,545 ","  5,688 ","  4,911 ","  4,731 ","  4,725 ","  4,803 ","5,356","5,882","6,304","6,520","5,746"
Some College,"  1,064 ","  1,765 ","  2,051 ","  1,967 ","  3,220 ","  5,645 ","  5,877 ","  5,797 ","  6,000 ","  5,928 ","  5,756 ","5,708","5,757","5,468","5,524","6,179"
BA or Higher,  975 ,"  1,245 ","  1,321 ","  1,405 ","  1,961 ","  2,197 ","  2,699 ","  2,765 ","  2,708 ","  2,429 ","  2,766 ","2,634","2,555","2,696","3,196","3,302"
Percent HS Grad or Higher,17.4%,26.1%,29.8%,38.3%,48.5%,59.3%,65.9%,73.4%,74.8%,74.6%,77.0%,79.9%,81.2%,81.2%,82.0%,82.3%
Percent with a BA or Higher,3.2%,3.9%,4.4%,5.5%,8.1%,9.7%,12.5%,15.1%,15.1%,13.9%,16.0%,15.4%,14.6%,15.1%,17.0%,17.9%
,,,,,,,,,,,,,,,,
47. Burnside,,,,,,,,,,,,,,,,
Total,"  1,815 ","  2,045 ","  2,047 ","  1,950 ","  1,843 ","  1,949 ","  1,916 ","  2,035 ","  1,761 ","  1,772 ","  1,680 ","1,523","1,671","1,747","1,544","1,721"
Not HS Graduate,"  1,672 ","  1,655 ","  1,562 ","  1,374 ",  801 ,  653 ,  546 ,  393 ,  469 ,  387 ,  357 ,285,235,253,238,244
High School Graduate Only,  107 ,  330 ,  391 ,  410 ,  607 ,  525 ,  575 ,  584 ,  417 ,  566 ,  542 ,434,622,686,607,619
Some College,  21 ,  40 ,  74 ,  98 ,  308 ,  617 ,  564 ,  869 ,  680 ,  654 ,  638 ,593,579,574,467,483
BA or Higher,  15 ,  20 ,  20 ,  68 ,  127 ,  154 ,  231 ,  189 ,  195 ,  165 ,  143 ,211,235,234,232,375
Percent HS Grad or Higher,7.9%,19.1%,23.7%,29.5%,56.5%,66.5%,71.5%,80.7%,73.4%,78.2%,79.0%,81.3%,85.9%,85.5%,85.0%,85.8%
Percent with a BA or Higher,0.8%,1.0%,1.0%,3.5%,6.9%,7.9%,12.1%,9.3%,11.1%,9.3%,9.0%,13.9%,14.1%,13.4%,15.0%,21.8%
,,,,,,,,,,,,,,,,
48. Calumet Heights,,,,,,,,,,,,,,,,
Total,"  4,098 ","  5,675 ","  11,561 ","  11,701 ","  11,862 ","  11,544 ","  11,253 ","  10,253 ","  10,087 ","  10,041 ","  10,353 ","10,071","10,216","9,850","9,570","9,630"
Not HS Graduate,"  3,139 ","  3,505 ","  5,870 ","  4,773 ","  3,245 ","  2,194 ","  1,917 ","  1,128 ","  1,024 ","  1,058 ","  1,193 ","1,138","1,073","1,116",775,550
High School Graduate Only,  628 ,"  1,325 ","  3,294 ","  3,699 ","  3,677 ","  2,810 ","  2,338 ","  2,059 ","  2,064 ","  2,272 ","  2,492 ","2,628","2,648","2,438","2,320","2,250"
Some College,  178 ,  525 ,"  1,322 ","  1,670 ","  2,800 ","  4,069 ","  4,054 ","  4,151 ","  3,991 ","  3,904 ","  3,827 ","3,681","3,757","3,778","3,905","3,408"
BA or Higher,  153 ,  320 ,"  1,075 ","  1,559 ","  2,140 ","  2,471 ","  2,944 ","  2,915 ","  3,008 ","  2,807 ","  2,841 ","2,624","2,738","2,518","2,570","3,422"
Percent HS Grad or Higher,23.4%,38.2%,49.2%,59.2%,72.6%,81.0%,83.0%,89.0%,89.8%,89.5%,88.0%,88.7%,89.5%,88.7%,92.0%,94.3%
Percent with a BA or Higher,3.7%,5.6%,9.3%,13.3%,18.0%,21.4%,26.2%,28.4%,29.8%,28.0%,27.0%,26.1%,26.8%,25.6%,27.0%,35.5%
,,,,,,,,,,,,,,,,
49. Roseland,,,,,,,,,,,,,,,,
Total,"  26,960 ","  35,030 ","  36,085 ","  35,294 ","  33,352 ","  34,683 ","  32,762 ","  29,655 ","  29,099 ","  28,697 ","  28,088 ","27,966","28,152","27,554","26,549","27,229"
Not HS Graduate,"  20,915 ","  21,550 ","  21,442 ","  17,519 ","  12,325 ","  10,937 ","  7,596 ","  5,002 ","  4,773 ","  4,635 ","  4,440 ","4,252","4,089","4,196","3,943","3,764"
High School Graduate Only,"  4,161 ","  8,970 ","  9,445 ","  11,359 ","  10,598 ","  8,897 ","  9,028 ","  8,538 ","  8,326 ","  7,777 ","  7,684 ","6,942","7,111","6,943","6,518","6,984"
Some College,  967 ,"  2,780 ","  3,152 ","  4,125 ","  6,996 ","  10,494 ","  11,541 ","  11,013 ","  10,764 ","  10,757 ","  10,391 ","11,226","11,494","10,935","10,890","10,658"
BA or Higher,  917 ,"  1,730 ","  2,046 ","  2,291 ","  3,433 ","  4,355 ","  4,597 ","  5,102 ","  5,236 ","  5,528 ","  5,573 ","5,546","5,458","5,480","5,198","5,823"
Percent HS Grad or Higher,22.4%,38.5%,40.6%,50.4%,63.0%,68.5%,76.8%,83.1%,83.6%,83.8%,84.0%,84.8%,85.5%,84.8%,85.0%,86.2%
Percent with a BA or Higher,3.4%,4.9%,5.7%,6.5%,10.3%,12.6%,14.0%,17.2%,18.0%,19.3%,20.0%,19.8%,19.4%,19.9%,20.0%,21.4%
,,,,,,,,,,,,,,,,
50. Pullman,,,,,,,,,,,,,,,,
Total,"  3,745 ","  5,470 ","  5,157 ","  6,172 ","  5,647 ","  5,905 ","  5,556 ","  4,944 ","  4,970 ","  5,028 ","  4,656 ","4,670","4,720","4,924","4,974","5,335"
Not HS Graduate,"  3,302 ","  3,865 ","  3,611 ","  3,256 ","  2,119 ","  1,886 ","  1,513 ",  648 ,  736 ,  772 ,  586 ,597,566,618,512,574
High School Graduate Only,  327 ,"  1,165 ","  1,115 ","  1,806 ","  1,912 ","  1,500 ","  1,461 ","  1,213 ","  1,248 ","  1,325 ","  1,228 ","1,195","1,184","1,194","1,174","1,217"
Some College,  74 ,  285 ,  330 ,  646 ,"  1,202 ","  1,888 ","  1,935 ","  2,083 ","  1,943 ","  1,903 ","  1,837 ","1,725","1,614","1,934","2,009","1,922"
BA or Higher,  42 ,  155 ,  101 ,  464 ,  414 ,  631 ,  647 ,"  1,000 ","  1,043 ","  1,028 ","  1,005 ","1,153","1,356","1,178","1,279","1,622"
Percent HS Grad or Higher,11.8%,29.3%,30.0%,47.2%,62.5%,68.1%,72.8%,86.9%,85.2%,84.6%,87.0%,87.2%,88.0%,87.5%,90.0%,89.2%
Percent with a BA or Higher,1.1%,2.8%,2.0%,7.5%,7.3%,10.7%,11.6%,20.2%,21.0%,20.4%,22.0%,24.7%,28.7%,23.9%,26.0%,30.4%
,,,,,,,,,,,,,,,,
51. South Deering,,,,,,,,,,,,,,,,
Total,"  4,681 ","  9,445 ","  10,198 ","  10,240 ","  10,153 ","  10,481 ","  10,345 ","  10,355 ","  9,788 ","  9,838 ","  9,739 ","9,345","9,491","9,670","9,699","9,811"
Not HS Graduate,"  4,192 ","  5,415 ","  5,650 ","  5,422 ","  4,394 ","  3,890 ","  2,981 ","  2,175 ","  2,201 ","  2,095 ","  2,066 ","1,906","2,059","2,002","2,091","1,919"
High School Graduate Only,  383 ,"  2,460 ","  2,761 ","  3,215 ","  3,400 ","  2,904 ","  3,187 ","  3,468 ","  3,289 ","  3,169 ","  3,217 ","3,222","3,081","3,195","2,936","2,939"
Some College,  78 ,  925 ,"  1,064 ","  1,041 ","  1,623 ","  2,741 ","  3,099 ","  3,457 ","  3,198 ","  3,492 ","  3,404 ","3,146","3,072","3,106","3,137","3,223"
BA or Higher,  28 ,  645 ,  723 ,  562 ,  736 ,  946 ,"  1,078 ","  1,255 ","  1,100 ","  1,082 ","  1,052 ","1,071","1,279","1,367","1,535","1,730"
Percent HS Grad or Higher,10.4%,42.7%,44.6%,47.1%,56.7%,62.9%,71.2%,79.0%,77.5%,78.7%,79.0%,79.6%,78.3%,79.3%,78.0%,80.4%
Percent with a BA or Higher,0.6%,6.8%,7.1%,5.5%,7.2%,9.0%,10.4%,12.1%,11.2%,11.0%,11.0%,11.5%,13.5%,14.1%,16.0%,17.6%
,,,,,,,,,,,,,,,,
52. East Side,,,,,,,,,,,,,,,,
Total,"  9,302 ","  12,775 ","  13,731 ","  14,465 ","  13,291 ","  13,167 ","  13,950 ","  13,997 ","  14,120 ","  13,988 ","  13,821 ","13,781","14,170","14,244","14,035","13,948"
Not HS Graduate,"  8,132 ","  9,300 ","  9,605 ","  8,675 ","  6,716 ","  5,516 ","  5,500 ","  4,472 ","  4,193 ","  4,201 ","  4,120 ","4,179","4,314","4,275","4,028","3,854"
High School Graduate Only,  875 ,"  2,765 ","  3,183 ","  4,432 ","  4,678 ","  4,838 ","  4,853 ","  4,817 ","  5,155 ","  5,111 ","  5,076 ","4,737","4,908","5,073","5,089","5,030"
Some College,  179 ,  450 ,  671 ,  833 ,"  1,240 ","  2,039 ","  2,601 ","  2,983 ","  3,025 ","  2,917 ","  2,922 ","3,134","3,115","3,222","3,283","3,350"
BA or Higher,  116 ,  260 ,  272 ,  525 ,  657 ,  774 ,  996 ,"  1,725 ","  1,747 ","  1,759 ","  1,703 ","1,731","1,833","1,674","1,635","1,714"
Percent HS Grad or Higher,12.6%,27.2%,30.0%,40.0%,49.5%,58.1%,60.6%,68.1%,70.3%,70.0%,70.0%,69.7%,69.6%,70.0%,71.0%,72.4%
Percent with a BA or Higher,1.2%,2.0%,2.0%,3.6%,4.9%,5.9%,7.1%,12.3%,12.4%,12.6%,12.0%,12.6%,12.9%,11.8%,12.0%,12.3%
,,,,,,,,,,,,,,,,
53. West Pullman,,,,,,,,,,,,,,,,
Total,"  15,589 ","  17,555 ","  20,660 ","  22,463 ","  21,065 ","  21,745 ","  21,151 ","  18,581 ","  18,083 ","  17,558 ","  17,530 ","17,439","17,788","17,656","17,617","17,046"
Not HS Graduate,"  13,324 ","  12,560 ","  13,437 ","  12,160 ","  7,969 ","  6,475 ","  6,257 ","  3,811 ","  3,603 ","  3,332 ","  3,084 ","2,887","2,791","2,527","2,539","2,398"
High School Graduate Only,"  1,585 ","  3,660 ","  5,216 ","  7,508 ","  7,696 ","  6,887 ","  5,178 ","  5,269 ","  5,315 ","  5,693 ","  5,560 ","5,436","5,479","5,786","5,351","5,105"
Some College,  382 ,  830 ,"  1,256 ","  1,951 ","  4,046 ","  6,473 ","  7,543 ","  6,758 ","  6,458 ","  6,037 ","  6,354 ","6,396","6,672","6,430","6,512","6,624"
BA or Higher,  298 ,  505 ,  751 ,  844 ,"  1,354 ","  1,910 ","  2,173 ","  2,743 ","  2,707 ","  2,496 ","  2,532 ","2,720","2,846","2,913","3,215","2,919"
Percent HS Grad or Higher,14.5%,28.5%,35.0%,45.9%,62.2%,70.2%,70.4%,79.5%,80.1%,81.0%,82.0%,83.4%,84.3%,85.7%,86.0%,85.9%
Percent with a BA or Higher,1.9%,2.9%,3.6%,3.8%,6.4%,8.8%,10.3%,14.8%,15.0%,14.2%,14.0%,15.6%,16.0%,16.5%,18.0%,17.1%
,,,,,,,,,,,,,,,,
54. Riverdale,,,,,,,,,,,,,,,,
Total,  800 ,"  3,535 ","  3,471 ","  4,883 ","  4,934 ","  4,553 ","  4,258 ","  3,079 ","  3,010 ","  3,129 ","  3,003 ","3,218","3,283","3,394","3,385","3,842"
Not HS Graduate,  741 ,"  2,715 ","  2,436 ","  3,106 ","  2,251 ","  2,009 ","  1,599 ",  846 ,  825 ,  830 ,  765 ,778,686,616,531,534
High School Graduate Only,  40 ,  570 ,  766 ,"  1,335 ","  1,716 ","  1,530 ","  1,241 ",  981 ,"  1,027 ","  1,077 ",  904 ,854,952,995,1028,1172
Some College,  12 ,  190 ,  203 ,  377 ,  778 ,  806 ,"  1,305 ","  1,014 ",  978 ,"  1,094 ","  1,183 ","1,425","1,507","1,648","1,636","1,883"
BA or Higher,  7 ,  60 ,  66 ,  65 ,  189 ,  208 ,  113 ,  238 ,  180 ,  128 ,  151 ,161,138,135,190,253
Percent HS Grad or Higher,7.4%,23.2%,29.8%,36.4%,54.4%,55.9%,62.4%,72.5%,72.6%,73.5%,75.0%,75.8%,79.1%,81.9%,84.0%,86.1%
Percent with a BA or Higher,0.9%,1.7%,1.9%,1.3%,3.8%,4.6%,2.7%,7.7%,6.0%,4.1%,5.0%,5.0%,4.2%,4.0%,6.0%,6.6%
,,,,,,,,,,,,,,,,
55. Hegewisch,,,,,,,,,,,,,,,,
Total,"  3,735 ","  4,315 ","  5,079 ","  6,151 ","  7,207 ","  7,068 ","  6,666 ","  6,503 ","  6,584 ","  6,516 ","  6,309 ","6,696","6,647","6,284","6,312","6,208"
Not HS Graduate,"  3,453 ","  3,615 ","  3,904 ","  3,698 ","  3,307 ","  2,343 ","  1,773 ","  1,250 ","  1,259 ","  1,173 ",  792 ,999,890,769,1026,1121
High School Graduate Only,  222 ,  535 ,  940 ,"  1,898 ","  2,895 ","  2,736 ","  2,463 ","  2,021 ","  2,015 ","  2,071 ","  2,191 ","2,388","2,572","2,485","2,324","2,139"
Some College,  36 ,  140 ,  177 ,  381 ,  812 ,"  1,553 ","  1,709 ","  1,981 ","  1,981 ","  2,046 ","  2,106 ","2,141","2,133","2,018","1,941","1,936"
BA or Higher,  24 ,  25 ,  58 ,  174 ,  193 ,  436 ,  721 ,"  1,251 ","  1,329 ","  1,226 ","  1,220 ","1,168","1,052","1,012","1,021","1,012"
Percent HS Grad or Higher,7.6%,16.2%,23.1%,39.9%,54.1%,66.9%,73.4%,80.8%,80.9%,82.0%,87.0%,85.1%,86.6%,87.8%,84.0%,81.9%
Percent with a BA or Higher,0.6%,0.6%,1.1%,2.8%,2.7%,6.2%,10.8%,19.2%,20.2%,18.8%,19.0%,17.4%,15.8%,16.1%,16.0%,16.3%
,,,,,,,,,,,,,,,,
56. Garfield Ridge,,,,,,,,,,,,,,,,
Total,"  3,544 ","  7,645 ","  21,708 ","  23,753 ","  24,053 ","  23,628 ","  24,552 ","  23,380 ","  23,921 ","  23,916 ","  24,371 ","24,339","25,073","25,390","25,701","25,251"
Not HS Graduate,"  3,269 ","  5,915 ","  14,374 ","  13,515 ","  11,006 ","  8,465 ","  6,864 ","  4,511 ","  4,496 ","  4,261 ","  4,584 ","4,640","4,503","4,314","4,366","4,371"
High School Graduate Only,  214 ,"  1,290 ","  5,590 ","  7,849 ","  9,298 ","  8,404 ","  8,980 ","  7,992 ","  7,924 ","  7,772 ","  7,669 ","7,355","7,797","8,237","8,399","8,286"
Some College,  35 ,  290 ,"  1,221 ","  1,657 ","  2,457 ","  4,779 ","  5,916 ","  6,475 ","  6,710 ","  6,685 ","  6,953 ","7,080","7,480","7,447","7,403","6,975"
BA or Higher,  26 ,  150 ,  523 ,  732 ,"  1,292 ","  1,980 ","  2,792 ","  4,402 ","  4,791 ","  5,198 ","  5,165 ","5,264","5,293","5,392","5,533","5,619"
Percent HS Grad or Higher,7.8%,22.6%,33.8%,43.1%,54.2%,64.2%,72.0%,80.7%,81.2%,82.2%,81.0%,80.9%,82.0%,83.0%,83.0%,82.7%
Percent with a BA or Higher,0.7%,2.0%,2.4%,3.1%,5.4%,8.4%,11.4%,18.8%,20.0%,21.7%,21.0%,21.6%,21.1%,21.2%,22.0%,22.3%
,,,,,,,,,,,,,,,,
57. Archer Heights,,,,,,,,,,,,,,,,
Total,"  4,488 ","  5,370 ","  6,557 ","  6,893 ","  6,643 ","  6,738 ","  8,004 ","  7,745 ","  8,361 ","  8,487 ","  7,961 ","8,167","8,201","8,004","8,352","8,625"
Not HS Graduate,"  4,152 ","  4,350 ","  4,957 ","  4,436 ","  3,547 ","  3,013 ","  3,235 ","  2,779 ","  2,799 ","  2,733 ","  2,542 ","2,604","2,361","2,267","2,458","2,529"
High School Graduate Only,  230 ,  770 ,"  1,165 ","  1,740 ","  2,042 ","  2,092 ","  2,595 ","  2,634 ","  3,025 ","  2,982 ","  2,838 ","2,887","3,111","2,997","3,253","3,602"
Some College,  73 ,  190 ,  261 ,  403 ,  657 ,"  1,042 ","  1,517 ","  1,605 ","  1,747 ","  1,910 ","  1,692 ","1,817","1,727","1,633","1,564","1,587"
BA or Higher,  33 ,  60 ,  174 ,  314 ,  397 ,  591 ,  657 ,  727 ,  790 ,  862 ,  889 ,859,"1,002","1,107","1,077",907
Percent HS Grad or Higher,7.5%,19.0%,24.4%,35.6%,46.6%,55.3%,59.6%,64.1%,66.5%,67.8%,68.0%,68.1%,71.2%,71.7%,71.0%,70.7%
Percent with a BA or Higher,0.7%,1.1%,2.7%,4.6%,6.0%,8.8%,8.2%,9.4%,9.4%,10.2%,11.0%,10.5%,12.2%,13.8%,13.0%,10.5%
,,,,,,,,,,,,,,,,
58. Brighton Park,,,,,,,,,,,,,,,,
Total,"  25,120 ","  25,550 ","  23,213 ","  21,463 ","  19,833 ","  20,434 ","  23,911 ","  24,124 ","  24,699 ","  25,186 ","  25,686 ","25,981","26,532","26,962","26,792","25,981"
Not HS Graduate,"  23,163 ","  20,405 ","  17,266 ","  14,173 ","  10,355 ","  9,549 ","  12,586 ","  10,883 ","  11,368 ","  11,516 ","  11,381 ","11,325","10,831","10,034","9,262","8,823"
High School Graduate Only,"  1,326 ","  3,770 ","  4,336 ","  5,501 ","  6,544 ","  6,139 ","  6,293 ","  7,445 ","  7,436 ","  7,712 ","  7,669 ","7,928","8,433","9,708","10,044","9,727"
Some College,  429 ,  900 ,"  1,093 ","  1,165 ","  1,803 ","  3,188 ","  3,377 ","  3,656 ","  3,821 ","  4,059 ","  4,391 ","4,454","4,651","4,570","4,493","4,495"
BA or Higher,  202 ,  475 ,  518 ,  624 ,"  1,131 ","  1,558 ","  1,655 ","  2,140 ","  2,074 ","  1,899 ","  2,245 ","2,274","2,617","2,650","2,993","2,936"
Percent HS Grad or Higher,7.8%,20.1%,25.6%,34.0%,47.8%,53.3%,47.4%,54.9%,54.0%,54.3%,56.0%,56.4%,59.2%,62.8%,65.0%,66.0%
Percent with a BA or Higher,0.8%,1.9%,2.2%,2.9%,5.7%,7.6%,6.9%,8.9%,8.4%,7.5%,9.0%,8.8%,9.9%,9.8%,11.0%,11.3%
,,,,,,,,,,,,,,,,
59. McKinley Park,,,,,,,,,,,,,,,,
Total,"  11,017 ","  11,370 ","  9,905 ","  8,956 ","  7,988 ","  8,032 ","  9,211 ","  10,320 ","  10,429 ","  10,486 ","  10,372 ","10,402","10,290","10,440","10,308","10,648"
Not HS Graduate,"  10,108 ","  9,355 ","  7,811 ","  6,062 ","  4,282 ","  3,532 ","  4,402 ","  3,392 ","  3,188 ","  3,262 ","  3,259 ","3,070","2,897","2,844","2,752","2,474"
High School Graduate Only,  604 ,"  1,550 ","  1,557 ","  2,208 ","  2,723 ","  2,591 ","  2,334 ","  3,666 ","  3,639 ","  3,311 ","  2,901 ","2,934","2,904","3,162","3,109","3,173"
Some College,  176 ,  275 ,  364 ,  444 ,  613 ,"  1,344 ","  1,593 ","  1,799 ","  2,060 ","  2,017 ","  2,189 ","2,363","2,301","2,211","2,248","2,286"
BA or Higher,  129 ,  190 ,  173 ,  242 ,  370 ,  565 ,  882 ,"  1,463 ","  1,542 ","  1,896 ","  2,023 ","2,035","2,188","2,223","2,199","2,715"
Percent HS Grad or Higher,8.3%,17.7%,21.1%,32.3%,46.4%,56.0%,52.2%,67.1%,69.4%,68.9%,69.0%,70.5%,71.8%,72.8%,73.0%,76.8%
Percent with a BA or Higher,1.2%,1.7%,1.7%,2.7%,4.6%,7.0%,9.6%,14.2%,14.8%,18.1%,20.0%,19.6%,21.3%,21.3%,21.0%,25.5%
,,,,,,,,,,,,,,,,
60. Bridgeport,,,,,,,,,,,,,,,,
Total,"  26,965 ","  27,200 ","  23,626 ","  19,416 ","  18,363 ","  18,909 ","  21,532 ","  21,448 ","  21,854 ","  21,932 ","  23,635 ","23,560","24,588","24,965","25,382","24,387"
Not HS Graduate,"  25,141 ","  22,555 ","  18,877 ","  13,681 ","  10,756 ","  8,411 ","  7,581 ","  4,770 ","  5,191 ","  5,076 ","  4,970 ","5,150","5,083","5,046","4,592","4,669"
High School Graduate Only,"  1,205 ","  3,510 ","  3,640 ","  4,417 ","  5,405 ","  5,645 ","  6,177 ","  6,950 ","  6,912 ","  6,538 ","  7,191 ","6,912","6,904","6,481","6,628","6,339"
Some College,  353 ,  715 ,  765 ,  792 ,"  1,305 ","  2,875 ","  4,125 ","  4,661 ","  4,655 ","  4,890 ","  5,643 ","5,174","5,162","5,508","5,559","4,456"
BA or Higher,  266 ,  420 ,  344 ,  526 ,  897 ,"  1,978 ","  3,649 ","  5,067 ","  5,096 ","  5,428 ","  5,831 ","6,324","7,439","7,930","8,603","8,923"
Percent HS Grad or Higher,6.8%,17.1%,20.1%,29.5%,41.4%,55.5%,64.8%,77.8%,76.2%,76.9%,79.0%,78.1%,79.3%,79.8%,82.0%,80.9%
Percent with a BA or Higher,1.0%,1.5%,1.5%,2.7%,4.9%,10.5%,16.9%,23.6%,23.3%,24.7%,25.0%,26.8%,30.3%,31.8%,34.0%,36.6%
,,,,,,,,,,,,,,,,
61. New City,,,,,,,,,,,,,,,,
Total,"  43,022 ","  43,865 ","  37,914 ","  32,742 ","  27,591 ","  26,092 ","  25,523 ","  22,896 ","  23,205 ","  23,306 ","  23,458 ","23,844","23,611","23,836","24,394","24,268"
Not HS Graduate,"  39,423 ","  35,680 ","  29,532 ","  23,871 ","  18,308 ","  14,399 ","  13,538 ","  9,503 ","  9,108 ","  8,704 ","  7,765 ","7,486","6,797","6,727","6,690","7,422"
High School Graduate Only,"  2,345 ","  5,985 ","  5,986 ","  6,957 ","  6,288 ","  6,410 ","  6,232 ","  6,893 ","  7,789 ","  8,635 ","  9,826 ","10,687","10,910","11,102","11,299","9,496"
Some College,  764 ,"  1,270 ","  1,487 ","  1,402 ","  2,014 ","  4,285 ","  4,189 ","  4,753 ","  4,601 ","  4,234 ","  4,063 ","4,012","4,116","4,200","4,276","5,103"
BA or Higher,  490 ,  930 ,  909 ,  512 ,  981 ,  998 ,"  1,564 ","  1,747 ","  1,707 ","  1,733 ","  1,804 ","1,659","1,788","1,807","2,129","2,247"
Percent HS Grad or Higher,8.4%,18.7%,22.1%,27.1%,33.6%,44.8%,47.0%,58.5%,60.7%,62.7%,67.0%,68.6%,71.2%,71.8%,73.0%,69.4%
Percent with a BA or Higher,1.1%,2.1%,2.4%,1.6%,3.6%,3.8%,6.1%,7.6%,7.4%,7.4%,8.0%,7.0%,7.6%,7.6%,9.0%,9.3%
,,,,,,,,,,,,,,,,
62. West Elsdon,,,,,,,,,,,,,,,,
Total,"  1,659 ","  4,720 ","  8,657 ","  8,936 ","  8,991 ","  9,096 ","  9,957 ","  11,410 ","  11,427 ","  11,321 ","  11,064 ","11,559","11,407","11,629","11,556","11,510"
Not HS Graduate,"  1,490 ","  3,485 ","  5,775 ","  5,493 ","  4,330 ","  3,348 ","  3,805 ","  4,218 ","  3,954 ","  3,514 ","  3,255 ","3,416","3,109","3,071","3,400","2,987"
High School Graduate Only,  128 ,  830 ,"  2,049 ","  2,515 ","  3,091 ","  3,180 ","  3,293 ","  3,505 ","  3,896 ","  4,274 ","  4,245 ","4,187","4,389","4,275","3,767","4,063"
Some College,  22 ,  260 ,  467 ,  622 ,  936 ,"  1,817 ","  1,956 ","  2,309 ","  2,471 ","  2,555 ","  2,578 ","2,761","2,698","2,840","2,849","2,674"
BA or Higher,  19 ,  145 ,  366 ,  306 ,  634 ,  751 ,  903 ,"  1,378 ","  1,106 ",  978 ,  986 ,"1,195","1,211","1,443","1,540","1,786"
Percent HS Grad or Higher,10.2%,26.2%,33.3%,38.5%,51.8%,63.2%,61.8%,63.0%,65.4%,69.0%,71.0%,70.4%,72.7%,73.6%,71.0%,74.0%
Percent with a BA or Higher,1.1%,3.1%,4.2%,3.4%,7.1%,8.3%,9.1%,12.1%,9.7%,8.6%,9.0%,10.3%,10.6%,12.4%,13.0%,15.5%
,,,,,,,,,,,,,,,,
63. Gage Park,,,,,,,,,,,,,,,,
Total,"  18,170 ","  19,660 ","  18,308 ","  17,151 ","  15,968 ","  16,667 ","  20,027 ","  21,158 ","  21,526 ","  22,515 ","  23,261 ","22,869","23,010","22,400","21,838","20,773"
Not HS Graduate,"  15,659 ","  14,780 ","  12,731 ","  10,299 ","  8,018 ","  7,440 ","  10,813 ","  10,900 ","  10,683 ","  11,000 ","  10,351 ","9,616","9,139","7,932","7,028","6,774"
High School Graduate Only,"  1,718 ","  3,435 ","  3,806 ","  4,962 ","  5,370 ","  5,602 ","  5,065 ","  5,751 ","  6,550 ","  6,870 ","  7,819 ","8,262","8,603","9,023","9,175","8,337"
Some College,  535 ,  940 ,"  1,151 ","  1,215 ","  1,535 ","  2,646 ","  2,987 ","  3,100 ","  3,081 ","  3,373 ","  3,736 ","3,668","3,955","3,988","4,152","3,879"
BA or Higher,  258 ,  505 ,  620 ,  675 ,"  1,045 ",  979 ,"  1,162 ","  1,407 ","  1,212 ","  1,272 ","  1,355 ","1,323","1,313","1,457","1,483","1,783"
Percent HS Grad or Higher,13.8%,24.8%,30.5%,40.0%,49.8%,55.4%,46.0%,48.5%,50.4%,51.1%,56.0%,58.0%,60.3%,64.6%,68.0%,67.4%
Percent with a BA or Higher,1.4%,2.6%,3.4%,3.9%,6.5%,5.9%,5.8%,6.6%,5.6%,5.6%,6.0%,5.8%,5.7%,6.5%,7.0%,8.6%
,,,,,,,,,,,,,,,,
64. Clearing,,,,,,,,,,,,,,,,
Total,"  3,476 ","  5,955 ","  10,250 ","  13,433 ","  14,133 ","  15,025 ","  15,340 ","  15,296 ","  15,769 ","  16,599 ","  16,941 ","17,141","17,492","17,459","16,871","16,530"
Not HS Graduate,"  2,824 ","  4,110 ","  6,822 ","  7,271 ","  6,080 ","  4,580 ","  3,535 ","  2,879 ","  2,739 ","  2,732 ","  2,729 ","2,591","2,575","2,758","2,432","2,009"
High School Graduate Only,  460 ,"  1,335 ","  2,732 ","  4,856 ","  5,763 ","  5,774 ","  5,811 ","  5,482 ","  5,752 ","  6,253 ","  6,749 ","6,755","6,765","6,602","6,113","5,806"
Some College,  118 ,  335 ,  523 ,  949 ,"  1,558 ","  3,416 ","  4,258 ","  4,336 ","  4,483 ","  4,744 ","  4,566 ","4,856","5,010","5,109","5,059","5,132"
BA or Higher,  74 ,  175 ,  173 ,  357 ,  732 ,"  1,255 ","  1,736 ","  2,599 ","  2,795 ","  2,870 ","  2,897 ","2,939","3,142","2,990","3,267","3,583"
Percent HS Grad or Higher,18.8%,31.0%,33.4%,45.9%,57.0%,69.5%,77.0%,81.2%,82.6%,83.5%,84.0%,84.9%,85.3%,84.2%,86.0%,87.8%
Percent with a BA or Higher,2.1%,2.9%,1.7%,2.7%,5.2%,8.4%,11.3%,17.0%,17.7%,17.3%,17.0%,17.1%,18.0%,17.1%,19.0%,21.7%
,,,,,,,,,,,,,,,,
65. West Lawn,,,,,,,,,,,,,,,,
Total,"  5,832 ","  9,020 ","  16,229 ","  11,529 ","  16,539 ","  16,530 ","  17,708 ","  19,424 ","  19,654 ","  19,836 ","  19,759 ","20,087","19,893","19,535","19,451","19,205"
Not HS Graduate,"  4,808 ","  6,265 ","  10,404 ","  6,483 ","  6,831 ","  5,047 ","  6,110 ","  6,527 ","  6,503 ","  6,650 ","  6,438 ","6,374","6,142","5,783","5,420","5,410"
High School Graduate Only,  724 ,"  1,945 ","  4,309 ","  3,712 ","  6,422 ","  6,089 ","  5,472 ","  6,774 ","  6,399 ","  6,436 ","  6,740 ","6,934","7,064","7,383","7,641","7,267"
Some College,  160 ,  495 ,"  1,051 ",  771 ,"  2,120 ","  3,901 ","  4,108 ","  4,362 ","  4,895 ","  4,729 ","  4,394 ","4,523","4,485","4,103","4,065","4,096"
BA or Higher,  140 ,  315 ,  465 ,  563 ,"  1,166 ","  1,493 ","  2,018 ","  1,761 ","  1,857 ","  2,021 ","  2,187 ","2,256","2,202","2,266","2,325","2,432"
Percent HS Grad or Higher,17.6%,30.5%,35.9%,43.8%,58.7%,69.5%,65.5%,66.4%,66.9%,66.5%,67.0%,68.3%,69.1%,70.4%,72.0%,71.8%
Percent with a BA or Higher,2.4%,3.5%,2.9%,4.9%,7.1%,9.0%,11.4%,9.1%,9.4%,10.2%,11.0%,11.2%,11.1%,11.6%,12.0%,12.7%
,,,,,,,,,,,,,,,,
66. Chicago Lawn,,,,,,,,,,,,,,,,
Total,"  31,302 ","  33,645 ","  34,687 ","  32,857 ","  29,225 ","  29,717 ","  32,432 ","  30,301 ","  30,769 ","  31,757 ","  31,956 ","31,826","31,822","32,041","31,676","31,911"
Not HS Graduate,"  23,982 ","  21,330 ","  21,881 ","  18,190 ","  12,872 ","  11,197 ","  11,268 ","  9,449 ","  9,563 ","  9,630 ","  9,838 ","9,412","9,109","8,130","8,208","8,087"
High School Graduate Only,"  4,753 ","  8,620 ","  8,028 ","  9,783 ","  9,990 ","  8,507 ","  9,680 ","  9,958 ","  10,469 ","  10,940 ","  11,395 ","11,457","11,951","13,228","12,955","12,866"
Some College,"  1,405 ","  2,090 ","  2,913 ","  2,766 ","  3,591 ","  6,996 ","  8,431 ","  8,128 ","  7,911 ","  8,332 ","  7,990 ","8,406","8,082","8,112","7,878","8,275"
BA or Higher,"  1,162 ","  1,605 ","  1,865 ","  2,118 ","  2,772 ","  3,017 ","  3,053 ","  2,766 ","  2,826 ","  2,855 ","  2,733 ","2,551","2,680","2,571","2,635","2,683"
Percent HS Grad or Higher,23.4%,36.6%,36.9%,44.6%,56.0%,62.3%,65.3%,68.8%,68.9%,69.7%,69.0%,70.4%,71.4%,74.6%,74.0%,74.7%
Percent with a BA or Higher,3.7%,4.8%,5.4%,6.4%,9.5%,10.2%,9.4%,9.1%,9.2%,9.0%,9.0%,8.0%,8.4%,8.0%,8.0%,8.4%
,,,,,,,,,,,,,,,,
67. West Englewood,,,,,,,,,,,,,,,,
Total,"  38,015 ","  38,390 ","  34,579 ","  31,040 ","  27,165 ","  28,018 ","  24,618 ","  20,619 ","  20,580 ","  21,099 ","  20,118 ","19,775","19,916","18,916","17,781","17,784"
Not HS Graduate,"  32,058 ","  27,675 ","  24,342 ","  19,153 ","  14,215 ","  12,476 ","  9,165 ","  5,416 ","  5,353 ","  5,331 ","  4,784 ","4,483","4,195","3,996","3,891","3,465"
High School Graduate Only,"  4,231 ","  7,835 ","  7,392 ","  8,981 ","  8,152 ","  7,882 ","  7,750 ","  7,032 ","  7,514 ","  8,032 ","  8,080 ","8,295","8,436","8,157","7,340","7,497"
Some College,"  1,071 ","  1,765 ","  2,096 ","  2,002 ","  3,838 ","  6,171 ","  6,511 ","  6,748 ","  6,285 ","  6,161 ","  5,688 ","5,500","5,669","5,020","4,970","4,897"
BA or Higher,  655 ,"  1,115 ",  749 ,  904 ,  960 ,"  1,489 ","  1,192 ","  1,423 ","  1,428 ","  1,575 ","  1,566 ","1,497","1,616","1,743","1,580","1,925"
Percent HS Grad or Higher,15.7%,27.9%,29.6%,38.3%,47.7%,55.5%,62.8%,73.7%,74.0%,74.7%,76.0%,77.3%,78.9%,78.9%,78.0%,80.5%
Percent with a BA or Higher,1.7%,2.9%,2.2%,2.9%,3.5%,5.3%,4.8%,6.9%,6.9%,7.5%,8.0%,7.6%,8.1%,9.2%,9.0%,10.8%
,,,,,,,,,,,,,,,,
68. Englewood,,,,,,,,,,,,,,,,
Total,"  56,926 ","  57,765 ","  49,661 ","  39,466 ","  28,444 ","  26,215 ","  21,595 ","  16,330 ","  16,383 ","  16,040 ","  15,575 ","15,607","15,427","15,085","14,578","14,033"
Not HS Graduate,"  44,615 ","  38,665 ","  35,917 ","  25,534 ","  16,477 ","  12,489 ","  8,793 ","  4,652 ","  4,591 ","  4,567 ","  4,006 ","3,835","4,043","3,549","3,463","3,322"
High School Graduate Only,"  8,335 ","  13,345 ","  9,309 ","  10,560 ","  7,760 ","  6,922 ","  6,247 ","  5,208 ","  5,564 ","  5,421 ","  5,630 ","5,624","5,598","5,332","5,076","4,964"
Some College,"  2,403 ","  3,550 ","  3,290 ","  2,576 ","  3,280 ","  5,724 ","  5,436 ","  5,588 ","  5,285 ","  5,086 ","  4,967 ","4,992","4,696","4,948","4,653","4,486"
BA or Higher,"  1,573 ","  2,205 ","  1,145 ",  796 ,  927 ,"  1,080 ","  1,119 ",  882 ,  943 ,  966 ,  972 ,"1,156","1,090","1,256","1,386","1,261"
Percent HS Grad or Higher,21.6%,33.1%,27.7%,35.3%,42.1%,52.4%,59.3%,71.5%,72.0%,71.5%,74.0%,75.4%,73.8%,76.5%,76.0%,76.3%
Percent with a BA or Higher,2.8%,3.8%,2.3%,2.0%,3.3%,4.1%,5.2%,5.4%,5.8%,6.0%,6.0%,7.4%,7.1%,8.3%,10.0%,9.0%
,,,,,,,,,,,,,,,,
69. Greater Grand Crossing,,,,,,,,,,,,,,,,
Total,"  39,164 ","  39,360 ","  37,514 ","  31,571 ","  27,751 ","  25,149 ","  23,657 ","  20,367 ","  19,836 ","  20,264 ","  20,423 ","20,955","20,762","20,701","20,461","19,846"
Not HS Graduate,"  28,010 ","  23,270 ","  22,580 ","  17,317 ","  12,703 ","  8,873 ","  5,992 ","  3,365 ","  3,096 ","  3,053 ","  3,037 ","3,208","2,893","2,778","2,752","2,688"
High School Graduate Only,"  7,718 ","  11,270 ","  8,739 ","  9,129 ","  8,532 ","  6,298 ","  6,864 ","  5,413 ","  5,742 ","  6,013 ","  6,192 ","6,402","6,088","5,814","5,658","5,775"
Some College,"  2,043 ","  2,905 ","  4,226 ","  3,516 ","  4,634 ","  7,339 ","  7,856 ","  7,976 ","  7,636 ","  7,849 ","  8,044 ","8,113","8,371","8,555","8,453","7,567"
BA or Higher,"  1,393 ","  1,915 ","  1,969 ","  1,609 ","  1,882 ","  2,639 ","  2,945 ","  3,613 ","  3,362 ","  3,349 ","  3,150 ","3,232","3,410","3,554","3,598","3,816"
Percent HS Grad or Higher,28.5%,40.9%,39.8%,45.1%,54.2%,64.7%,74.7%,83.5%,84.4%,84.9%,85.0%,84.7%,86.1%,86.6%,87.0%,86.5%
Percent with a BA or Higher,3.6%,4.9%,5.2%,5.1%,6.8%,10.5%,12.4%,17.7%,16.9%,16.5%,15.0%,15.4%,16.4%,17.2%,18.0%,19.2%
,,,,,,,,,,,,,,,,
70. Ashburn,,,,,,,,,,,,,,,,
Total,  458 ,"  4,115 ","  20,179 ","  25,465 ","  25,193 ","  25,272 ","  24,532 ","  26,737 ","  26,777 ","  26,900 ","  26,767 ","26,882","27,420","27,547","27,478","27,466"
Not HS Graduate,  311 ,"  2,090 ","  9,413 ","  10,115 ","  7,879 ","  5,778 ","  4,855 ","  4,730 ","  4,634 ","  4,389 ","  4,566 ","4,417","4,202","4,230","4,624","4,876"
High School Graduate Only,  107 ,"  1,455 ","  7,255 ","  10,658 ","  11,477 ","  9,955 ","  7,455 ","  7,635 ","  7,691 ","  7,842 ","  7,781 ","8,141","8,428","8,656","7,943","8,437"
Some College,  23 ,  340 ,"  2,267 ","  2,983 ","  3,659 ","  6,414 ","  7,560 ","  9,188 ","  9,153 ","  9,189 ","  9,061 ","8,823","9,080","9,009","9,129","8,593"
BA or Higher,  17 ,  230 ,"  1,244 ","  1,709 ","  2,178 ","  3,125 ","  4,662 ","  5,184 ","  5,299 ","  5,480 ","  5,359 ","5,501","5,710","5,652","5,782","5,560"
Percent HS Grad or Higher,32.1%,49.2%,53.4%,60.3%,68.7%,77.1%,80.2%,82.3%,82.7%,83.7%,83.0%,83.6%,84.7%,84.6%,83.0%,82.2%
Percent with a BA or Higher,3.7%,5.6%,6.2%,6.7%,8.6%,12.4%,19.0%,19.4%,19.8%,20.4%,20.0%,20.5%,20.8%,20.5%,21.0%,20.2%
,,,,,,,,,,,,,,,,
71. Auburn Gresham,,,,,,,,,,,,,,,,
Total,"  36,295 ","  38,325 ","  39,241 ","  36,602 ","  34,365 ","  36,627 ","  34,381 ","  30,817 ","  31,365 ","  31,196 ","  30,659 ","31,118","31,343","31,178","31,208","31,170"
Not HS Graduate,"  25,580 ","  22,595 ","  23,500 ","  17,881 ","  13,335 ","  12,564 ","  9,332 ","  5,695 ","  5,912 ","  5,586 ","  5,355 ","5,356","5,224","4,925","4,977","4,666"
High School Graduate Only,"  7,133 ","  10,535 ","  10,240 ","  12,768 ","  11,680 ","  10,657 ","  10,312 ","  10,293 ","  10,782 ","  10,648 ","  10,335 ","10,100","9,744","9,742","9,750","9,758"
Some College,"  2,026 ","  2,725 ","  3,357 ","  3,891 ","  6,748 ","  10,450 ","  11,147 ","  11,066 ","  10,661 ","  10,843 ","  10,696 ","11,086","11,544","11,912","11,889","11,797"
BA or Higher,"  1,556 ","  2,470 ","  2,144 ","  2,062 ","  2,602 ","  2,956 ","  3,590 ","  3,763 ","  4,010 ","  4,119 ","  4,273 ","4,576","4,831","4,599","4,592","4,949"
Percent HS Grad or Higher,29.5%,41.0%,40.1%,51.1%,61.2%,65.7%,72.9%,81.5%,81.2%,82.1%,83.0%,82.8%,83.3%,84.2%,84.0%,85.0%
Percent with a BA or Higher,4.3%,6.4%,5.5%,5.6%,7.6%,8.1%,10.4%,12.2%,12.8%,13.2%,14.0%,14.7%,15.4%,14.8%,15.0%,15.9%
,,,,,,,,,,,,,,,,
72. Beverly,,,,,,,,,,,,,,,,
Total,"  9,987 ","  12,740 ","  15,433 ","  15,759 ","  14,214 ","  14,316 ","  14,604 ","  13,940 ","  14,495 ","  14,198 ","  14,237 ","14,447","14,563","14,244","14,140","13,958"
Not HS Graduate,"  4,161 ","  4,260 ","  5,372 ","  4,503 ","  2,310 ","  1,165 ",  787 ,  517 ,  390 ,  382 ,  488 ,457,483,529,493,342
High School Graduate Only,"  2,738 ","  3,585 ","  4,190 ","  4,528 ","  4,099 ","  2,659 ","  2,039 ","  1,975 ","  2,166 ","  1,931 ","  2,053 ","2,043","2,098","1,896","1,988","1,909"
Some College,"  1,268 ","  2,210 ","  2,585 ","  3,011 ","  3,097 ","  4,159 ","  4,504 ","  3,765 ","  3,840 ","  3,998 ","  3,794 ","3,901","3,967","3,833","3,912","3,722"
BA or Higher,"  1,820 ","  2,685 ","  3,286 ","  3,717 ","  4,708 ","  6,333 ","  7,274 ","  7,683 ","  8,099 ","  7,887 ","  7,902 ","8,046","8,015","7,986","7,747","7,985"
Percent HS Grad or Higher,58.3%,66.6%,65.2%,71.4%,83.7%,91.9%,94.6%,96.3%,97.3%,97.3%,97.0%,96.8%,96.7%,96.3%,97.0%,97.5%
Percent with a BA or Higher,18.2%,21.1%,21.3%,23.6%,33.1%,44.2%,49.8%,55.1%,55.9%,55.6%,56.0%,55.7%,55.0%,56.1%,55.0%,57.2%
,,,,,,,,,,,,,,,,
73. Washington Heights,,,,,,,,,,,,,,,,
Total,"  11,672 ","  15,025 ","  18,608 ","  19,130 ","  19,389 ","  20,882 ","  19,959 ","  17,898 ","  18,151 ","  18,365 ","  18,965 ","18,931","19,000","18,904","18,572","18,821"
Not HS Graduate,"  7,864 ","  7,645 ","  9,750 ","  8,778 ","  6,671 ","  5,958 ","  4,666 ","  2,460 ","  2,177 ","  2,061 ","  2,036 ","1,917","1,964","1,833","2,090","2,155"
High School Graduate Only,"  2,490 ","  4,665 ","  5,333 ","  6,017 ","  6,306 ","  5,555 ","  5,250 ","  5,724 ","  5,701 ","  5,759 ","  5,571 ","5,570","5,540","5,556","5,001","4,763"
Some College,  710 ,"  1,395 ","  2,103 ","  2,760 ","  4,320 ","  6,765 ","  6,774 ","  6,511 ","  6,875 ","  6,909 ","  7,385 ","7,125","7,357","7,156","6,972","6,973"
BA or Higher,  608 ,"  1,320 ","  1,422 ","  1,575 ","  2,092 ","  2,604 ","  3,269 ","  3,203 ","  3,398 ","  3,636 ","  3,973 ","4,319","4,139","4,359","4,509","4,930"
Percent HS Grad or Higher,32.6%,49.1%,47.6%,54.1%,65.6%,71.5%,76.6%,86.3%,88.0%,88.8%,89.0%,89.9%,89.7%,90.3%,89.0%,88.6%
Percent with a BA or Higher,5.2%,8.8%,7.6%,8.2%,10.8%,12.5%,16.4%,17.9%,18.7%,19.8%,21.0%,22.8%,21.8%,23.1%,24.0%,26.2%
,,,,,,,,,,,,,,,,
74. Mount Greenwood,,,,,,,,,,,,,,,,
Total,"  2,298 ","  6,800 ","  11,761 ","  12,880 ","  12,599 ","  12,890 ","  12,457 ","  11,933 ","  11,637 ","  11,748 ","  12,040 ","12,328","12,643","13,005","12,660","12,456"
Not HS Graduate,"  2,026 ","  4,640 ","  6,397 ","  5,726 ","  4,041 ","  2,341 ","  1,181 ",  519 ,  505 ,  552 ,  589 ,514,544,563,453,587
High School Graduate Only,  181 ,"  1,575 ","  3,766 ","  5,084 ","  5,593 ","  4,681 ","  4,117 ","  3,566 ","  3,507 ","  3,328 ","  3,075 ","3,082","3,229","3,011","2,760","2,736"
Some College,  59 ,  365 ,"  1,023 ","  1,146 ","  1,635 ","  3,805 ","  4,555 ","  4,007 ","  3,782 ","  3,922 ","  4,102 ","4,318","4,365","4,335","4,341","4,138"
BA or Higher,  32 ,  220 ,  575 ,  924 ,"  1,330 ","  2,063 ","  2,604 ","  3,841 ","  3,843 ","  3,946 ","  4,274 ","4,414","4,505","5,096","5,106","4,995"
Percent HS Grad or Higher,11.8%,31.8%,45.6%,55.5%,67.9%,81.8%,90.5%,95.7%,95.7%,95.3%,95.0%,95.8%,95.7%,95.7%,96.0%,95.3%
Percent with a BA or Higher,1.4%,3.2%,4.9%,7.2%,10.6%,16.0%,20.9%,32.2%,33.0%,33.6%,35.0%,35.8%,35.6%,39.2%,40.0%,40.1%
,,,,,,,,,,,,,,,,
75. Morgan Park,,,,,,,,,,,,,,,,
Total,"  9,139 ","  13,330 ","  16,000 ","  17,205 ","  16,565 ","  16,997 ","  16,182 ","  15,406 ","  15,795 ","  15,756 ","  15,641 ","15,542","15,190","14,925","14,659","14,507"
Not HS Graduate,"  5,393 ","  6,685 ","  7,890 ","  6,971 ","  5,071 ","  3,612 ","  2,518 ","  1,658 ","  1,411 ","  1,524 ","  1,426 ","1,426","1,300","1,252","1,050",914
High School Graduate Only,"  1,822 ","  3,505 ","  4,212 ","  5,674 ","  5,316 ","  4,478 ","  3,332 ","  3,234 ","  3,800 ","  3,887 ","  3,455 ","3,380","3,522","3,333","3,188","3,224"
Some College,  878 ,"  1,555 ","  2,118 ","  2,506 ","  3,456 ","  5,178 ","  5,930 ","  5,564 ","  5,874 ","  5,582 ","  5,740 ","5,459","5,134","4,759","4,709","4,663"
BA or Higher,"  1,046 ","  1,585 ","  1,780 ","  2,054 ","  2,722 ","  3,729 ","  4,402 ","  4,950 ","  4,710 ","  4,763 ","  5,020 ","5,277","5,234","5,581","5,712","5,706"
Percent HS Grad or Higher,41.0%,49.8%,50.7%,59.5%,69.4%,78.7%,84.4%,89.2%,91.1%,90.3%,91.0%,90.8%,91.4%,91.6%,93.0%,93.7%
Percent with a BA or Higher,11.4%,11.9%,11.1%,11.9%,16.4%,21.9%,27.2%,32.1%,29.8%,30.2%,32.0%,34.0%,34.5%,37.4%,39.0%,39.3%
,,,,,,,,,,,,,,,,
76. O'Hare,,,,,,,,,,,,,,,,
Total,,,,"  3,714 ","  7,893 ","  8,832 ","  9,199 ","  10,217 ","  10,160 ","  10,170 ","  10,089 ","10,039","9,677","9,972","10,216","10,528"
Not HS Graduate,,,,"  1,526 ","  2,167 ","  1,894 ","  1,589 ","  1,115 ","  1,168 ","  1,193 ","  1,403 ","1,116","1,070","1,077","1,033",872
High School Graduate Only,,,,"  1,258 ","  2,651 ","  2,495 ","  2,641 ","  3,224 ","  2,949 ","  2,894 ","  2,639 ","2,296","2,217","2,245","2,191","2,098"
Some College,,,,  510 ,"  1,625 ","  2,285 ","  2,271 ","  2,828 ","  2,733 ","  2,765 ","  2,793 ","2,947","2,868","2,944","2,856","3,109"
BA or Higher,,,,  420 ,"  1,450 ","  2,158 ","  2,698 ","  3,050 ","  3,310 ","  3,318 ","  3,254 ","3,680","3,522","3,706","4,136","4,449"
Percent HS Grad or Higher,,,,58.9%,72.5%,78.6%,82.7%,89.1%,88.5%,88.3%,86.0%,88.9%,88.9%,89.2%,90.0%,91.7%
Percent with a BA or Higher,,,,11.3%,18.4%,24.4%,29.3%,29.9%,32.6%,32.6%,32.0%,36.7%,36.4%,37.2%,40.0%,42.3%
,,,,,,,,,,,,,,,,
77. Edgewater,,,,,,,,,,,,,,,,
Total,"  40,076 ","  37,980 ","  37,241 ","  42,502 ","  40,878 ","  44,397 ","  45,611 ","  41,943 ","  42,587 ","  42,578 ","  42,621 ","43,577","44,623","44,989","45,233","45,509"
Not HS Graduate,"  20,811 ","  16,525 ","  17,659 ","  16,473 ","  11,708 ","  8,715 ","  7,578 ","  4,071 ","  4,010 ","  3,899 ","  3,670 ","4,102","4,060","4,283","4,123","4,173"
High School Graduate Only,"  10,926 ","  11,515 ","  10,029 ","  12,403 ","  10,847 ","  9,036 ","  8,553 ","  5,250 ","  5,421 ","  5,704 ","  6,042 ","6,425","6,808","6,593","6,102","6,228"
Some College,"  4,394 ","  5,370 ","  5,275 ","  6,526 ","  7,719 ","  11,035 ","  10,387 ","  9,748 ","  10,117 ","  9,776 ","  9,609 ","9,252","9,097","8,738","8,897","8,947"
BA or Higher,"  3,945 ","  4,570 ","  4,278 ","  7,100 ","  10,604 ","  15,611 ","  19,093 ","  22,874 ","  23,039 ","  23,199 ","  23,300 ","23,798","24,658","25,375","26,111","26,161"
Percent HS Grad or Higher,48.1%,56.5%,52.6%,61.2%,71.4%,80.4%,83.4%,90.3%,90.6%,90.8%,91.0%,90.6%,90.9%,90.5%,91.0%,90.8%
Percent with a BA or Higher,9.8%,12.0%,11.5%,16.7%,25.9%,35.2%,41.9%,54.5%,54.1%,54.5%,55.0%,54.6%,55.3%,56.4%,58.0%,57.5%
,,,,,,,,,,,,,,,,
Chicago,,,,,,,,,,,,,,,,
Total,"  2,136,241 ","  2,268,540 ","  2,136,754 ","  1,903,382 ","  1,749,574 ","  1,746,997 ","  1,815,896 ","  1,782,006 ","  1,795,412 ","  1,807,376 ","  1,822,789 ","1,831,943","1,853,506","1,864,803","1,874,469","1,882,174"
Not HS Graduate,"  1,612,773 ","  1,474,900 ","  1,383,573 ","  1,067,471 ","  765,493 ","  593,126 ","  511,774 ","  347,044 ","  339,149 ","  331,972 ","  322,271 ","309,760","300,387","288,452","278,901","265,799"
High School Graduate Only,"  315,844 ","  493,415 ","  448,156 ","  505,141 ","  496,397 ","  430,618 ","  418,113 ","  410,437 ","  415,747 ","  420,041 ","  422,516 ","420,469","424,662","426,821","422,189","413,744"
Some College,"  108,723 ","  166,205 ","  176,931 ","  177,260 ","  245,631 ","  383,391 ","  423,226 ","  425,745 ","  426,547 ","  424,648 ","  430,009 ","432,210","434,070","433,571","433,296","429,373"
BA or Higher,"  98,901 ","  134,020 ","  128,094 ","  153,510 ","  242,053 ","  339,862 ","  462,783 ","  598,780 ","  613,969 ","  630,715 ","  647,993 ","669,504","694,387","715,959","740,083","773,258"
Percent HS Grad or Higher,24.5%,35.0%,35.2%,43.9%,56.2%,66.0%,71.8%,80.5%,81.1%,81.6%,82.3%,83.1%,83.8%,84.5%,85.0%,85.9%
Percent with a BA or Higher,4.6%,5.9%,6.0%,8.1%,13.8%,19.5%,25.5%,33.6%,34.2%,34.9%,35.5%,36.5%,37.5%,38.4%,39.0%,41.1%
"Source: 1940-2000 data are tabulated from the Decennial Census, 2008-2012 data are tabulated from the American Community Survey",,,,,,,,,,,,,,,,
Note: Data are for persons 25 years and older.,,,,,,,,,,,,,,,,
"Note: Data for some census tracts are suppressed (i.e., not reported) by the Census Bureau. This affects only some community areas but has the effect of causing the community area data to not sum exactly to the citywide total.",,,,,,,,,,,,,,,,
"Note: For 1940, educational attainment was not reported for 9,765 individuals. They are not included in this table.",,,,,,,,,,,,,,,,
"Note: For 1950, educational attainment was not reported for 75,170 individuals. They are not included in this table.",,,,,,,,,,,,,,,,