Poverty for Individuals in Chicago Community Areas,,,,,,,,,,,,,
,1970,1980,1990,2000,2008-2012,2009-2013,2010-2014,2011-2015,2012-2016,2013-2017,2014-2018,2015-2019,2016-2020
1. Rogers Park,,,,,,,,,,,,,
Total,"  58,993 ","  52,781 ","  57,172 ","  60,962 ","  55,080 ","  54,455 ","  52,115 ","  51,270 ","52,328","51,834","51,681","52,307","52,439"
Income below poverty level,"  4,924 ","  8,363 ","  11,174 ","  12,993 ","  14,833 ","  15,065 ","  14,173 ","  13,487 ","13,888","13,576","13,378","13,343","11,310"
Percent income below poverty level,8.3%,15.8%,19.5%,21.3%,26.9%,27.7%,27.2%,26.0%,26.5%,26.2%,25.9%,25.5%,21.6%
,,,,,,,,,,,,,
2. West Ridge,,,,,,,,,,,,,
Total,"  64,623 ","  59,994 ","  64,069 ","  72,010 ","  72,693 ","  72,306 ","  71,941 ","  71,100 ","72,504","75,024","75,962","77,280","77,573"
Income below poverty level,"  2,890 ","  3,463 ","  8,124 ","  10,314 ","  14,484 ","  15,050 ","  13,757 ","  15,690 ","16,749","15,504","16,016","16,669","13,204"
Percent income below poverty level,4.5%,5.8%,12.7%,14.3%,19.9%,20.8%,19.1%,22.0%,23.1%,20.7%,21.1%,21.6%,17.0%
,,,,,,,,,,,,,
3. Uptown,,,,,,,,,,,,,
Total,"  72,289 ","  62,523 ","  61,203 ","  61,496 ","  53,601 ","  53,037 ","  52,678 ","  53,760 ","54,922","56,609","57,034","57,680","58,193"
Income below poverty level,"  14,220 ","  17,614 ","  19,153 ","  15,330 ","  13,483 ","  13,713 ","  12,691 ","  12,928 ","13,208","13,163","12,619","12,513","12,142"
Percent income below poverty level,19.7%,28.2%,31.3%,24.9%,25.2%,25.9%,24.1%,24.0%,24.0%,23.3%,22.1%,21.7%,20.9%
,,,,,,,,,,,,,
4. Lincoln Square,,,,,,,,,,,,,
Total,"  47,264 ","  43,213 ","  44,194 ","  43,785 ","  38,135 ","  38,159 ","  39,013 ","  40,177 ","40,856","41,079","41,075","41,489","40,788"
Income below poverty level,"  3,327 ","  4,225 ","  5,833 ","  4,991 ","  4,633 ","  4,857 ","  5,145 ","  4,797 ","4,752","4,418","3,527","3,347","3,080"
Percent income below poverty level,7.0%,9.8%,13.2%,11.4%,12.1%,12.7%,13.2%,12.0%,11.6%,10.8%,8.6%,8.1%,7.6%
,,,,,,,,,,,,,
5. North Center,,,,,,,,,,,,,
Total,"  39,350 ","  35,041 ","  32,849 ","  31,883 ","  33,388 ","  34,496 ","  34,755 ","  34,568 ","34,866","35,720","35,622","35,437","36,041"
Income below poverty level,"  3,397 ","  4,266 ","  4,000 ","  2,731 ","  2,125 ","  2,032 ","  1,945 ","  1,918 ","1,791","1,747","1,644","1,662","1,560"
Percent income below poverty level,8.6%,12.2%,12.2%,8.6%,6.4%,5.9%,5.6%,6.0%,5.1%,4.9%,4.6%,4.7%,4.3%
,,,,,,,,,,,,,
6. Lake View,,,,,,,,,,,,,
Total,"  114,311 ","  97,061 ","  90,671 ","  94,530 ","  96,353 ","  96,332 ","  97,733 ","  97,989 ","99,627","100,217","100,260","101,062","101,080"
Income below poverty level,"  13,904 ","  12,637 ","  9,648 ","  8,203 ","  11,256 ","  11,710 ","  11,335 ","  10,455 ","9,817","9,221","8,504","8,130","8,573"
Percent income below poverty level,12.2%,13.0%,10.6%,8.7%,11.7%,12.2%,11.6%,11.0%,9.9%,9.2%,8.5%,8.0%,8.5%
,,,,,,,,,,,,,
7. Lincoln Park,,,,,,,,,,,,,
Total,"  66,409 ","  55,711 ","  59,225 ","  61,523 ","  61,618 ","  62,780 ","  62,711 ","  63,645 ","63,889","64,203","65,114","65,907","66,097"
Income below poverty level,"  10,263 ","  7,452 ","  5,907 ","  5,305 ","  7,529 ","  7,962 ","  7,862 ","  6,882 ","6,759","6,699","5,945","5,764","5,946"
Percent income below poverty level,15.5%,13.4%,10.0%,8.6%,12.2%,12.7%,12.5%,11.0%,10.6%,10.4%,9.1%,8.7%,9.0%
,,,,,,,,,,,,,
8. Near North Side,,,,,,,,,,,,,
Total,"  68,466 ","  64,513 ","  60,338 ","  71,063 ","  78,942 ","  81,704 ","  82,732 ","  83,937 ","84,465","86,892","87,939","91,252","96,435"
Income below poverty level,"  15,888 ","  16,152 ","  12,087 ","  10,792 ","  10,677 ","  10,693 ","  10,575 ","  10,379 ","9,807","8,904","8,791","8,698","9,283"
Percent income below poverty level,23.2%,25.0%,20.0%,15.2%,13.5%,13.1%,12.8%,12.0%,11.6%,10.2%,10.0%,9.5%,9.6%
,,,,,,,,,,,,,
9. Edison Park,,,,,,,,,,,,,
Total,"  13,161 ","  12,442 ","  11,426 ","  11,178 ","  11,135 ","  10,884 ","  10,993 ","  11,356 ","11,150","11,753","11,720","11,259","10,999"
Income below poverty level,  447 ,  248 ,  241 ,  270 ,  330 ,  351 ,  269 ,  221 ,173,315,329,398,359
Percent income below poverty level,3.4%,2.0%,2.1%,2.4%,3.0%,3.2%,2.4%,2.0%,1.6%,2.7%,2.8%,3.5%,3.3%
,,,,,,,,,,,,,
10. Norwood Park,,,,,,,,,,,,,
Total,"  41,702 ","  40,323 ","  37,459 ","  37,125 ","  36,911 ","  36,492 ","  35,980 ","  35,600 ","35,508","36,393","36,623","37,370","37,533"
Income below poverty level,"  1,334 ","  1,387 ",  863 ,"  1,611 ","  1,938 ","  2,136 ","  2,150 ","  2,203 ","2,337","2,190","2,231","2,590","2,611"
Percent income below poverty level,3.2%,3.4%,2.3%,4.3%,5.3%,5.9%,6.0%,6.0%,6.6%,6.0%,6.1%,6.9%,7.0%
,,,,,,,,,,,,,
11. Jefferson Park,,,,,,,,,,,,,
Total,"  27,488 ","  24,560 ","  23,601 ","  25,832 ","  26,678 ","  27,110 ","  26,926 ","  27,207 ","26,746","26,760","27,880","27,395","27,091"
Income below poverty level,"  1,213 ",  900 ,  886 ,"  1,270 ","  1,871 ","  2,078 ","  2,383 ","  2,560 ","2,296","2,098","2,700","2,639","2,184"
Percent income below poverty level,4.4%,3.7%,3.8%,4.9%,7.0%,7.7%,8.9%,9.0%,8.6%,7.8%,9.7%,9.6%,8.1%
,,,,,,,,,,,,,
12. Forest Glen,,,,,,,,,,,,,
Total,"  20,531 ","  18,970 ","  17,651 ","  18,141 ","  18,542 ","  18,710 ","  18,478 ","  18,437 ","18,622","18,991","19,086","19,376","19,920"
Income below poverty level,  768 ,  440 ,  231 ,  463 ,"  1,267 ","  1,158 ",  920 ,  781 ,752,835,888,933,809
Percent income below poverty level,3.7%,2.3%,1.3%,2.6%,6.8%,6.0%,5.0%,4.0%,4.0%,4.4%,4.7%,4.8%,4.1%
,,,,,,,,,,,,,
13. North Park,,,,,,,,,,,,,
Total,"  15,341 ","  14,284 ","  15,359 ","  17,570 ","  18,260 ","  18,714 ","  17,524 ","  17,828 ","18,139","18,214","17,777","18,229","18,188"
Income below poverty level,  735 ,  869 ,"  1,129 ","  1,841 ","  2,274 ","  2,198 ","  2,169 ","  2,498 ","2,410","2,615","2,758","2,662","2,660"
Percent income below poverty level,4.8%,6.1%,7.4%,10.5%,12.5%,11.7%,12.4%,14.0%,13.3%,14.4%,15.5%,14.6%,14.6%
,,,,,,,,,,,,,
14. Albany Park,,,,,,,,,,,,,
Total,"  46,810 ","  45,597 ","  48,993 ","  56,990 ","  52,900 ","  52,881 ","  51,363 ","  50,390 ","49,864","50,243","48,613","48,353","47,811"
Income below poverty level,"  3,673 ","  5,830 ","  8,563 ","  10,059 ","  11,305 ","  11,031 ","  10,011 ","  9,817 ","9,371","9,309","8,611","7,832","6,413"
Percent income below poverty level,7.8%,12.8%,17.5%,17.7%,21.4%,20.9%,19.5%,19.0%,18.8%,18.5%,17.7%,16.2%,13.4%
,,,,,,,,,,,,,
15. Portage Park,,,,,,,,,,,,,
Total,"  63,389 ","  57,227 ","  56,320 ","  65,007 ","  63,447 ","  63,464 ","  64,356 ","  64,772 ","64,410","64,219","64,864","64,425","63,713"
Income below poverty level,"  3,068 ","  2,785 ","  3,152 ","  5,194 ","  8,609 ","  8,618 ","  9,390 ","  8,345 ","8,430","7,908","7,353","5,986","4,876"
Percent income below poverty level,4.8%,4.9%,5.6%,8.0%,13.6%,13.6%,14.6%,13.0%,13.1%,12.3%,11.3%,9.3%,7.7%
,,,,,,,,,,,,,
16. Irving Park,,,,,,,,,,,,,
Total,"  54,638 ","  49,058 ","  49,651 ","  58,023 ","  56,150 ","  56,382 ","  56,074 ","  56,079 ","54,957","54,129","53,271","53,114","53,197"
Income below poverty level,"  3,431 ","  4,352 ","  5,069 ","  6,541 ","  8,080 ","  8,192 ","  7,798 ","  7,183 ","5,908","5,876","5,476","4,820","4,611"
Percent income below poverty level,6.3%,8.9%,10.2%,11.3%,14.4%,14.5%,13.9%,13.0%,10.8%,10.9%,10.3%,9.1%,8.7%
,,,,,,,,,,,,,
17. Dunning,,,,,,,,,,,,,
Total,"  42,243 ","  37,317 ","  36,453 ","  41,912 ","  41,996 ","  42,292 ","  42,926 ","  42,855 ","43,247","43,462","43,808","43,222","43,405"
Income below poverty level,"  1,843 ","  1,480 ","  1,645 ","  2,166 ","  4,105 ","  4,417 ","  4,716 ","  4,863 ","4,528","4,022","3,565","2,988","3,060"
Percent income below poverty level,4.4%,4.0%,4.5%,5.2%,9.8%,10.4%,11.0%,11.0%,10.5%,9.3%,8.1%,6.9%,7.0%
,,,,,,,,,,,,,
18. Montclare,,,,,,,,,,,,,
Total,"  11,629 ","  10,704 ","  10,396 ","  12,434 ","  12,204 ","  12,114 ","  12,660 ","  12,823 ","12,831","13,697","13,726","14,193","14,265"
Income below poverty level,  597 ,  593 ,  570 ,  693 ,"  1,622 ","  1,699 ","  1,855 ","  1,945 ","1,741","1,905","1,813","1,682","1,668"
Percent income below poverty level,5.1%,5.5%,5.5%,5.6%,13.3%,14.0%,14.7%,15.0%,13.6%,13.9%,13.2%,11.9%,11.7%
,,,,,,,,,,,,,
19. Belmont Cragin,,,,,,,,,,,,,
Total,"  57,298 ","  53,051 ","  56,391 ","  77,438 ","  77,540 ","  77,930 ","  78,675 ","  78,752 ","77,585","79,451","80,093","77,890","78,203"
Income below poverty level,"  3,587 ","  3,175 ","  4,735 ","  8,705 ","  15,765 ","  16,053 ","  16,567 ","  16,412 ","15,013","15,962","13,879","12,787","11,807"
Percent income below poverty level,6.3%,6.0%,8.4%,11.2%,20.3%,20.6%,21.1%,21.0%,19.4%,20.1%,17.3%,16.4%,15.1%
,,,,,,,,,,,,,
20. Hermosa,,,,,,,,,,,,,
Total,"  19,867 ","  19,444 ","  22,977 ","  26,666 ","  25,046 ","  25,209 ","  24,758 ","  25,429 ","24,391","24,092","23,465","23,468","23,153"
Income below poverty level,"  1,289 ","  2,280 ","  4,007 ","  4,457 ","  4,995 ","  5,116 ","  5,453 ","  5,648 ","5,251","5,099","4,510","3,919","2,949"
Percent income below poverty level,6.5%,11.7%,17.4%,16.7%,19.9%,20.3%,22.0%,22.0%,21.5%,21.2%,19.2%,16.7%,12.7%
,,,,,,,,,,,,,
21. Avondale,,,,,,,,,,,,,
Total,"  35,727 ","  33,486 ","  35,519 ","  42,941 ","  41,433 ","  40,079 ","  38,871 ","  39,469 ","38,035","37,183","37,779","38,028","37,259"
Income below poverty level,"  2,932 ","  3,919 ","  6,166 ","  7,476 ","  7,019 ","  7,228 ","  7,455 ","  8,349 ","7,747","7,291","6,607","5,839","4,976"
Percent income below poverty level,8.2%,11.7%,17.4%,17.4%,16.9%,18.0%,19.2%,21.0%,20.4%,19.6%,17.5%,15.4%,13.4%
,,,,,,,,,,,,,
22. Logan Square,,,,,,,,,,,,,
Total,"  88,077 ","  84,226 ","  81,792 ","  82,052 ","  73,411 ","  73,628 ","  73,712 ","  74,143 ","74,178","73,378","73,301","72,910","71,931"
Income below poverty level,"  10,045 ","  17,531 ","  21,575 ","  16,249 ","  15,065 ","  15,000 ","  14,292 ","  13,258 ","12,593","10,894","9,442","9,225","8,505"
Percent income below poverty level,11.4%,20.8%,26.4%,19.8%,20.5%,20.4%,19.4%,18.0%,17.0%,14.8%,12.9%,12.7%,11.8%
,,,,,,,,,,,,,
23. Humboldt Park,,,,,,,,,,,,,
Total,"  71,124 ","  70,441 ","  66,969 ","  65,417 ","  53,973 ","  52,438 ","  54,206 ","  54,674 ","55,807","55,947","55,770","54,914","54,127"
Income below poverty level,"  10,350 ","  19,919 ","  22,660 ","  20,352 ","  18,503 ","  18,181 ","  18,641 ","  17,396 ","17,018","16,834","15,706","13,874","14,799"
Percent income below poverty level,14.6%,28.3%,33.8%,31.1%,34.3%,34.7%,34.4%,32.0%,30.5%,30.1%,28.2%,25.3%,27.3%
,,,,,,,,,,,,,
24. West Town,,,,,,,,,,,,,
Total,"  124,594 ","  96,006 ","  86,925 ","  86,877 ","  83,726 ","  83,190 ","  83,855 ","  85,035 ","83,884","82,979","82,720","83,173","79,856"
Income below poverty level,"  26,857 ","  29,866 ","  27,769 ","  18,025 ","  14,326 ","  13,304 ","  13,250 ","  13,286 ","12,597","10,755","10,077","8,899","7,166"
Percent income below poverty level,21.6%,31.1%,31.9%,20.7%,17.1%,16.0%,15.8%,16.0%,15.0%,13.0%,12.2%,10.7%,9.0%
,,,,,,,,,,,,,
25. Austin,,,,,,,,,,,,,
Total,"  127,541 ","  136,712 ","  112,828 ","  115,505 ","  97,028 ","  96,869 ","  98,499 ","  96,562 ","96,533","94,251","93,692","92,697","93,799"
Income below poverty level,"  12,386 ","  32,736 ","  29,023 ","  27,852 ","  29,702 ","  30,196 ","  31,696 ","  29,529 ","29,259","27,499","26,995","25,490","24,608"
Percent income below poverty level,9.7%,23.9%,25.7%,24.1%,30.6%,31.2%,32.2%,31.0%,30.3%,29.2%,28.8%,27.5%,26.2%
,,,,,,,,,,,,,
26. West Garfield Park,,,,,,,,,,,,,
Total,"  47,802 ","  33,648 ","  23,943 ","  22,743 ","  19,268 ","  18,630 ","  18,704 ","  17,577 ","17,339","17,095","16,836","16,263","16,286"
Income below poverty level,"  12,215 ","  13,256 ","  9,761 ","  8,161 ","  8,432 ","  8,814 ","  8,999 ","  8,327 ","8,193","7,489","7,110","6,598","6,015"
Percent income below poverty level,25.6%,39.4%,40.8%,35.9%,43.8%,47.3%,48.1%,47.0%,47.3%,43.8%,42.2%,40.6%,36.9%
,,,,,,,,,,,,,
27. East Garfield Park,,,,,,,,,,,,,
Total,"  51,532 ","  31,410 ","  23,703 ","  20,407 ","  20,918 ","  20,280 ","  19,862 ","  20,277 ","19,818","19,530","19,340","18,538","17,688"
Income below poverty level,"  17,453 ","  13,523 ","  11,407 ","  7,179 ","  9,499 ","  8,606 ","  8,592 ","  9,708 ","8,479","8,548","8,838","8,042","8,009"
Percent income below poverty level,33.9%,43.1%,48.1%,35.2%,45.4%,42.4%,43.3%,48.0%,42.8%,43.8%,45.7%,43.4%,45.3%
,,,,,,,,,,,,,
28. Near West Side,,,,,,,,,,,,,
Total,"  76,913 ","  56,431 ","  43,261 ","  43,007 ","  51,578 ","  52,694 ","  55,224 ","  57,540 ","58,111","58,279","58,177","58,587","58,355"
Income below poverty level,"  28,808 ","  29,299 ","  23,583 ","  16,149 ","  12,999 ","  13,323 ","  14,502 ","  14,425 ","14,315","13,885","13,861","12,560","11,310"
Percent income below poverty level,37.5%,51.9%,54.5%,37.5%,25.2%,25.3%,26.3%,25.0%,24.6%,23.8%,23.8%,21.4%,19.4%
,,,,,,,,,,,,,
29. North Lawndale,,,,,,,,,,,,,
Total,"  94,195 ","  60,855 ","  47,071 ","  40,918 ","  35,476 ","  35,605 ","  35,050 ","  34,696 ","34,915","35,411","33,376","31,695","30,939"
Income below poverty level,"  28,631 ","  26,165 ","  22,757 ","  18,485 ","  16,075 ","  15,876 ","  15,840 ","  16,452 ","15,643","15,018","13,555","12,038","11,206"
Percent income below poverty level,30.4%,43.0%,48.3%,45.2%,45.3%,44.6%,45.2%,47.0%,44.8%,42.4%,40.6%,38.0%,36.2%
,,,,,,,,,,,,,
30. South Lawndale,,,,,,,,,,,,,
Total,"  59,502 ","  70,329 ","  75,761 ","  79,393 ","  62,100 ","  61,830 ","  64,668 ","  65,892 ","65,295","65,511","65,336","62,750","60,205"
Income below poverty level,"  8,345 ","  15,212 ","  18,146 ","  21,057 ","  20,422 ","  22,302 ","  23,970 ","  24,076 ","22,709","22,010","20,440","17,540","14,466"
Percent income below poverty level,14.0%,21.6%,24.0%,26.5%,32.9%,36.1%,37.1%,37.0%,34.8%,33.6%,31.3%,28.0%,24.0%
,,,,,,,,,,,,,
31. Lower West Side,,,,,,,,,,,,,
Total,"  44,424 ","  44,663 ","  45,492 ","  43,914 ","  36,565 ","  35,338 ","  34,975 ","  34,404 ","32,970","32,877","32,749","33,159","32,627"
Income below poverty level,"  7,870 ","  11,814 ","  12,640 ","  11,841 ","  9,983 ","  9,620 ","  10,141 ","  9,846 ","8,883","8,005","6,741","5,711","4,570"
Percent income below poverty level,17.7%,26.5%,27.8%,27.0%,27.3%,27.2%,29.0%,29.0%,26.9%,24.3%,20.6%,17.2%,14.0%
,,,,,,,,,,,,,
32. Loop,,,,,,,,,,,,,
Total,"  4,787 ","  5,848 ","  11,020 ","  14,733 ","  23,559 ","  25,328 ","  27,164 ","  29,511 ","31,019","31,910","33,730","34,764","35,611"
Income below poverty level,"  1,093 ","  1,198 ","  1,108 ","  1,754 ","  3,414 ","  3,799 ","  3,720 ","  4,439 ","4,466","4,231","3,938","4,123","3,332"
Percent income below poverty level,22.8%,20.5%,10.1%,11.9%,14.5%,15.0%,13.7%,15.0%,14.4%,13.3%,11.7%,11.9%,9.4%
,,,,,,,,,,,,,
33. Near South Side,,,,,,,,,,,,,
Total,"  8,405 ","  7,217 ","  6,667 ","  9,461 ","  20,061 ","  20,864 ","  21,835 ","  22,201 ","22,996","23,427","24,156","24,540","26,203"
Income below poverty level,"  3,261 ","  3,135 ","  4,167 ","  3,058 ","  2,525 ","  2,182 ","  2,153 ","  2,295 ","2,438","2,177","2,452","1,829","1,985"
Percent income below poverty level,38.8%,43.4%,62.5%,32.3%,12.6%,10.5%,9.9%,10.0%,10.6%,9.3%,10.2%,7.5%,7.6%
,,,,,,,,,,,,,
34. Armour Square,,,,,,,,,,,,,
Total,"  13,018 ","  12,460 ","  10,785 ","  12,028 ","  13,710 ","  14,119 ","  13,849 ","  14,006 ","13,634","13,395","13,719","13,538","13,401"
Income below poverty level,"  3,031 ","  3,404 ","  3,885 ","  3,746 ","  5,147 ","  5,296 ","  5,168 ","  5,160 ","4,865","5,031","4,646","4,440","3,785"
Percent income below poverty level,23.3%,27.3%,36.0%,31.1%,37.5%,37.5%,37.3%,37.0%,35.7%,37.6%,33.9%,32.8%,28.2%
,,,,,,,,,,,,,
35. Douglas,,,,,,,,,,,,,
Total,"  42,600 ","  33,107 ","  28,732 ","  23,514 ","  16,603 ","  16,649 ","  16,884 ","  17,822 ","18,008","18,242","18,757","18,839","19,025"
Income below poverty level,"  14,333 ","  14,618 ","  14,189 ","  9,699 ","  5,361 ","  5,815 ","  6,229 ","  7,040 ","7,024","7,143","7,585","7,624","6,649"
Percent income below poverty level,33.6%,44.2%,49.4%,41.2%,32.3%,34.9%,36.9%,40.0%,39.0%,39.2%,40.4%,40.5%,34.9%
,,,,,,,,,,,,,
36. Oakland,,,,,,,,,,,,,
Total,"  18,174 ","  16,668 ","  8,125 ","  6,058 ","  6,233 ","  6,225 ","  6,445 ","  6,409 ","6,466","6,645","6,850","7,193","6,930"
Income below poverty level,"  7,813 ","  10,933 ","  5,878 ","  3,178 ","  2,530 ","  2,536 ","  2,500 ","  2,131 ","2,035","1,970","1,914","1,780","1,980"
Percent income below poverty level,43.0%,65.6%,72.3%,52.5%,40.6%,40.7%,38.8%,33.0%,31.5%,29.6%,27.9%,24.7%,28.6%
,,,,,,,,,,,,,
37. Fuller Park,,,,,,,,,,,,,
Total,"  7,355 ","  5,816 ","  4,313 ","  3,396 ","  2,924 ","  2,798 ","  2,533 ","  2,437 ","2,364","2,346","2,316","2,330","2,149"
Income below poverty level,"  2,149 ","  2,475 ","  2,122 ","  1,174 ","  1,203 ","  1,075 ",  927 ,  814 ,788,744,660,747,1040
Percent income below poverty level,29.2%,42.6%,49.2%,34.6%,41.1%,38.4%,36.6%,33.0%,33.3%,31.7%,28.5%,32.1%,48.4%
,,,,,,,,,,,,,
38. Grand Boulevard,,,,,,,,,,,,,
Total,"  79,353 ","  53,050 ","  35,413 ","  27,213 ","  22,761 ","  22,367 ","  22,272 ","  22,425 ","22,323","22,616","22,883","22,344","23,378"
Income below poverty level,"  31,547 ","  29,880 ","  22,928 ","  12,762 ","  7,010 ","  7,112 ","  7,588 ","  7,957 ","7,700","7,413","7,039","6,461","5,800"
Percent income below poverty level,39.8%,56.3%,64.7%,46.9%,30.8%,31.8%,34.1%,35.0%,34.5%,32.8%,30.8%,28.9%,24.8%
,,,,,,,,,,,,,
39. Kenwood,,,,,,,,,,,,,
Total,"  26,394 ","  21,587 ","  17,934 ","  18,197 ","  17,917 ","  17,752 ","  17,997 ","  17,433 ","16,928","17,024","17,242","17,742","17,733"
Income below poverty level,"  6,886 ","  5,646 ","  4,763 ","  4,368 ","  4,318 ","  4,600 ","  4,232 ","  3,891 ","3,719","3,856","3,574","3,723","4,153"
Percent income below poverty level,26.1%,26.2%,26.6%,24.0%,24.1%,25.9%,23.5%,22.0%,22.0%,22.7%,20.7%,21.0%,23.4%
,,,,,,,,,,,,,
40. Washington Park,,,,,,,,,,,,,
Total,"  45,688 ","  31,795 ","  19,319 ","  14,091 ","  11,078 ","  11,428 ","  11,546 ","  11,954 ","11,723","11,329","11,272","10,886","10,394"
Income below poverty level,"  15,061 ","  15,670 ","  11,278 ","  7,276 ","  4,899 ","  5,602 ","  5,550 ","  5,837 ","5,193","4,735","4,228","4,242","4,385"
Percent income below poverty level,33.0%,49.3%,58.4%,51.6%,44.2%,49.0%,48.1%,49.0%,44.3%,41.8%,37.5%,39.0%,42.2%
,,,,,,,,,,,,,
41. Hyde Park,,,,,,,,,,,,,
Total,"  31,467 ","  28,712 ","  26,698 ","  26,857 ","  23,930 ","  24,315 ","  24,047 ","  24,074 ","23,954","24,306","24,929","25,041","25,422"
Income below poverty level,"  3,893 ","  4,700 ","  4,867 ","  4,428 ","  4,956 ","  5,221 ","  5,323 ","  5,196 ","5,325","5,633","5,722","5,560","6,488"
Percent income below poverty level,12.4%,16.4%,18.2%,16.5%,20.7%,21.5%,22.1%,22.0%,22.2%,23.2%,23.0%,22.2%,25.5%
,,,,,,,,,,,,,
42. Woodlawn,,,,,,,,,,,,,
Total,"  52,806 ","  35,200 ","  26,360 ","  26,187 ","  23,433 ","  23,193 ","  24,179 ","  25,117 ","24,669","23,834","23,689","23,475","23,580"
Income below poverty level,"  15,535 ","  13,743 ","  9,744 ","  10,323 ","  7,576 ","  8,149 ","  9,139 ","  10,062 ","9,814","9,061","8,487","7,788","7,240"
Percent income below poverty level,29.4%,39.0%,37.0%,39.4%,32.3%,35.1%,37.8%,40.0%,39.8%,38.0%,35.8%,33.2%,30.7%
,,,,,,,,,,,,,
43. South Shore,,,,,,,,,,,,,
Total,"  79,827 ","  77,165 ","  60,759 ","  60,732 ","  46,731 ","  48,568 ","  47,892 ","  48,157 ","47,590","47,530","48,480","49,315","49,187"
Income below poverty level,"  8,715 ","  17,981 ","  16,611 ","  16,431 ","  14,242 ","  15,957 ","  16,987 ","  17,631 ","18,023","18,429","17,149","16,256","14,736"
Percent income below poverty level,10.9%,23.3%,27.3%,27.1%,30.5%,32.9%,35.5%,37.0%,37.9%,38.8%,35.4%,33.0%,30.0%
,,,,,,,,,,,,,
44. Chatham,,,,,,,,,,,,,
Total,"47,103","40,565","36,461","37,148","33,097","31,694","  31,348 ","  31,226 ","30,831","30,978","30,653","30,961","31,304"
Income below poverty level,"4,389","5,787","5,382","6,562","9,642","8,861","  8,292 ","  8,650 ","9,022","8,271","8,278","8,273","7,933"
Percent income below poverty level,9.3%,14.3%,14.8%,17.7%,29.1%,28.0%,26.5%,28.0%,29.3%,26.7%,27.0%,26.7%,25.3%
,,,,,,,,,,,,,
45. Avalon Park,,,,,,,,,,,,,
Total,"  14,311 ","  13,730 ","  11,656 ","  11,082 ","  9,512 ","  9,887 ","  10,028 ","  9,793 ","9,808","9,999","9,752","9,713","9,629"
Income below poverty level,  690 ,"  1,494 ","  1,571 ",  935 ,"  1,784 ","  1,837 ","  1,818 ","  2,070 ","2,020","1,919","1,633","2,068","1,931"
Percent income below poverty level,4.8%,10.9%,13.5%,8.4%,18.8%,18.6%,18.1%,21.0%,20.6%,19.2%,16.7%,21.3%,20.1%
,,,,,,,,,,,,,
46. South Chicago,,,,,,,,,,,,,
Total,"  45,483 ","  46,309 ","  40,360 ","  38,267 ","  29,403 ","  28,981 ","  28,475 ","  27,968 ","27,465","28,124","28,888","29,761","29,819"
Income below poverty level,"  5,347 ","  7,886 ","  10,146 ","  11,369 ","  9,884 ","  9,929 ","  9,573 ","  9,281 ","8,516","8,468","8,421","8,373","8,747"
Percent income below poverty level,11.8%,17.0%,25.1%,29.7%,33.6%,34.3%,33.6%,33.0%,31.0%,30.10%,29.20%,28.10%,29.30%
,,,,,,,,,,,,,
47. Burnside,,,,,,,,,,,,,
Total,"  3,176 ","  3,938 ","  3,413 ","  3,258 ","  3,508 ","  2,837 ","  2,618 ","  2,601 ","2,442","2,254","2,336","2,006","2,180"
Income below poverty level,  252 ,  725 ,  735 ,  949 ,"  1,668 ","  1,245 ",  836 ,  929 ,800,396,414,315,254
Percent income below poverty level,7.9%,18.4%,21.5%,29.1%,47.5%,43.9%,31.9%,36.0%,32.8%,17.6%,17.7%,15.7%,11.7%
,,,,,,,,,,,,,
48. Calumet Heights,,,,,,,,,,,,,
Total,"  20,036 ","  20,447 ","  17,350 ","  15,946 ","  14,352 ","  13,850 ","  13,393 ","  13,726 ","13,299","13,180","12,938","12,798","12,325"
Income below poverty level,  942 ,"  1,383 ","  1,347 ","  1,902 ","  2,013 ","  1,954 ","  2,034 ","  1,697 ","2,243","2,109","1,906","1,868","1,783"
Percent income below poverty level,4.7%,6.8%,7.8%,11.9%,14.0%,14.1%,15.2%,12.0%,16.9%,16.0%,14.7%,14.6%,14.5%
,,,,,,,,,,,,,
49. Roseland,,,,,,,,,,,,,
Total,"  62,291 ","  63,718 ","  55,790 ","  51,774 ","  44,569 ","  43,817 ","  43,502 ","  41,844 ","41,764","41,899","40,576","38,631","39,097"
Income below poverty level,"  4,446 ","  11,329 ","  10,499 ","  9,097 ","  10,390 ","  10,647 ","  11,644 ","  11,265 ","12,491","11,252","10,997","9,036","9,060"
Percent income below poverty level,7.1%,17.8%,18.8%,17.6%,23.3%,24.3%,26.8%,27.0%,29.9%,26.9%,27.1%,23.4%,23.2%
,,,,,,,,,,,,,
50. Pullman,,,,,,,,,,,,,
Total,"  10,909 ","  10,279 ","  9,317 ","  8,883 ","  7,249 ","  6,922 ","  6,927 ","  6,469 ","6,573","6,560","6,754","6,807","7,104"
Income below poverty level,  796 ,"  1,484 ","  1,742 ","  1,990 ","  1,824 ","  1,752 ","  1,822 ","  1,552 ","1,618","1,407","1,487","1,295","1,269"
Percent income below poverty level,7.3%,14.4%,18.7%,22.4%,25.2%,25.3%,26.3%,24.0%,24.6%,21.4%,22.0%,19.0%,17.9%
,,,,,,,,,,,,,
51. South Deering,,,,,,,,,,,,,
Total,"  19,248 ","  19,327 ","  17,703 ","  16,911 ","  16,438 ","  15,733 ","  15,556 ","  15,261 ","14,551","14,550","14,609","15,350","15,034"
Income below poverty level,"  1,429 ","  2,591 ","  3,254 ","  3,311 ","  5,211 ","  4,982 ","  4,222 ","  4,202 ","4,351","4,204","4,273","4,748","4,950"
Percent income below poverty level,7.4%,13.4%,18.4%,19.6%,31.7%,31.7%,27.1%,28.0%,29.9%,28.9%,29.2%,30.9%,32.9%
,,,,,,,,,,,,,
52. East Side,,,,,,,,,,,,,
Total,"  24,629 ","  21,277 ","  20,381 ","  23,657 ","  23,480 ","  23,497 ","  23,710 ","  23,794 ","22,994","23,750","24,210","23,708","22,973"
Income below poverty level,"  1,334 ","  1,353 ","  2,640 ","  2,923 ","  5,639 ","  5,544 ","  5,332 ","  5,174 ","4,670","4,975","4,673","4,637","3,341"
Percent income below poverty level,5.4%,6.4%,13.0%,12.4%,24.0%,23.6%,22.5%,22.0%,20.3%,20.9%,19.3%,19.6%,14.5%
,,,,,,,,,,,,,
53. West Pullman,,,,,,,,,,,,,
Total,"  40,266 ","  44,748 ","  39,546 ","  36,147 ","  30,605 ","  29,537 ","  27,962 ","  27,804 ","27,450","27,639","27,444","26,999","26,440"
Income below poverty level,"  2,711 ","  6,794 ","  7,648 ","  7,949 ","  9,213 ","  10,400 ","  10,022 ","  9,540 ","8,526","8,030","7,060","6,187","5,912"
Percent income below poverty level,6.7%,15.2%,19.3%,22.0%,30.1%,35.2%,35.8%,34.0%,31.1%,29.1%,25.7%,22.9%,22.4%
,,,,,,,,,,,,,
54. Riverdale,,,,,,,,,,,,,
Total,"  14,991 ","  13,513 ","  10,802 ","  9,744 ","  6,793 ","  6,904 ","  7,092 ","  6,978 ","7,297","7,293","7,235","7,323","7,380"
Income below poverty level,"  5,831 ","  6,388 ","  6,799 ","  5,487 ","  3,962 ","  4,309 ","  4,513 ","  4,501 ","4,798","4,588","4,186","3,873","3,532"
Percent income below poverty level,38.9%,47.3%,62.9%,56.3%,58.3%,62.4%,63.6%,65.0%,65.8%,62.9%,57.9%,52.9%,47.9%
,,,,,,,,,,,,,
55. Hegewisch,,,,,,,,,,,,,
Total,"  11,323 ","  11,546 ","  10,104 ","  9,761 ","  10,062 ","  9,809 ","  9,326 ","  8,940 ","9,086","9,320","9,123","9,003","9,092"
Income below poverty level,  503 ,  600 ,  783 ,"  1,037 ","  1,869 ","  1,624 ","  1,594 ","  1,585 ","1,453","1,479","1,768","1,648","1,436"
Percent income below poverty level,4.4%,5.2%,7.7%,10.6%,18.6%,16.6%,17.1%,18.0%,16.0%,15.9%,19.4%,18.3%,15.8%
,,,,,,,,,,,,,
56. Garfield Ridge,,,,,,,,,,,,,
Total,"  42,981 ","  37,854 ","  33,911 ","  35,840 ","  33,811 ","  34,534 ","  34,536 ","  35,333 ","35,246","36,134","36,084","36,804","35,675"
Income below poverty level,"  1,999 ","  2,707 ","  3,218 ","  3,616 ","  2,866 ","  2,722 ","  2,754 ","  2,677 ","2,715","2,535","2,556","3,127","2,980"
Percent income below poverty level,4.7%,7.2%,9.5%,10.1%,8.5%,7.9%,8.0%,8.0%,7.7%,7.0%,7.1%,8.5%,8.4%
,,,,,,,,,,,,,
"57. Archer Heights,",,,,,,,,,,,,,
Total,"  11,126 ","  9,708 ","  9,202 ","  12,638 ","  13,352 ","  14,063 ","  13,961 ","  13,227 ","13,243","13,140","13,053","13,697","13,522"
Income below poverty level,  515 ,  501 ,  397 ,  813 ,"  1,854 ","  2,159 ","  2,122 ","  2,158 ","2,317","2,451","2,284","2,059","1,482"
Percent income below poverty level,4.6%,5.2%,4.3%,6.4%,13.9%,15.4%,15.2%,16.0%,17.5%,18.7%,17.5%,15.0%,11.0%
,,,,,,,,,,,,,
58. Brighton Park,,,,,,,,,,,,,
Total,"  35,399 ","  30,626 ","  32,139 ","  44,699 ","  43,782 ","  43,221 ","  43,797 ","  43,932 ","43,976","44,649","44,898","44,037","42,525"
Income below poverty level,"  2,550 ","  3,148 ","  4,054 ","  7,721 ","  11,226 ","  11,747 ","  11,912 ","  12,181 ","11,390","10,905","10,153","9,963","8,688"
Percent income below poverty level,7.2%,10.3%,12.6%,17.3%,25.6%,27.2%,27.2%,28.0%,25.9%,24.4%,22.6%,22.6%,20.4%
,,,,,,,,,,,,,
59. McKinley Park,,,,,,,,,,,,,
Total,"  15,695 ","  13,239 ","  13,226 ","  15,957 ","  16,434 ","  16,538 ","  16,449 ","  16,331 ","16,058","15,719","15,869","15,139","15,190"
Income below poverty level,"  1,550 ","  1,536 ","  1,446 ","  2,095 ","  3,291 ","  3,819 ","  4,034 ","  4,377 ","3,910","3,947","3,591","2,766","1,969"
Percent income below poverty level,9.9%,11.6%,10.9%,13.1%,20.0%,23.1%,24.5%,27.0%,24.3%,25.1%,22.6%,18.3%,13.0%
,,,,,,,,,,,,,
60. Bridgeport,,,,,,,,,,,,,
Total,"  35,179 ","  30,864 ","  29,790 ","  33,635 ","  32,396 ","  32,545 ","  31,844 ","  33,795 ","32,713","33,554","33,790","34,435","32,838"
Income below poverty level,"  4,084 ","  4,856 ","  4,342 ","  6,085 ","  6,587 ","  7,157 ","  6,560 ","  7,104 ","6,667","6,201","5,896","5,276","4,758"
Percent income below poverty level,11.6%,15.7%,14.6%,18.1%,20.3%,22.0%,20.6%,21.0%,20.4%,18.5%,17.4%,15.3%,14.5%
,,,,,,,,,,,,,
61. New City,,,,,,,,,,,,,
Total,"  60,546 ","  55,658 ","  53,000 ","  51,339 ","  41,778 ","  41,388 ","  41,259 ","  40,778 ","40,773","39,279","39,211","39,159","38,682"
Income below poverty level,"  7,494 ","  13,867 ","  18,072 ","  17,687 ","  13,669 ","  14,423 ","  14,681 ","  13,767 ","13,678","12,561","11,414","11,153","11,251"
Percent income below poverty level,12.4%,24.9%,34.1%,34.5%,32.7%,34.8%,35.6%,34.0%,33.5%,32.0%,29.1%,28.5%,29.1%
,,,,,,,,,,,,,
62. West Elsdon,,,,,,,,,,,,,
Total,"  14,031 ","  12,797 ","  12,245 ","  15,894 ","  18,901 ","  19,397 ","  19,027 ","  19,102 ","19,827","19,155","19,275","19,126","18,523"
Income below poverty level,  580 ,  605 ,  656 ,"  1,093 ","  3,393 ","  3,508 ","  3,067 ","  3,608 ","2,842","2,090","2,120","1,872","2,135"
Percent income below poverty level,4.1%,4.7%,5.4%,6.9%,18.0%,18.1%,16.1%,19.0%,14.3%,10.9%,11.0%,9.8%,11.5%
,,,,,,,,,,,,,
63. Gage Park,,,,,,,,,,,,,
Total,"  26,670 ","  24,430 ","  26,881 ","  38,937 ","  39,211 ","  39,158 ","  39,907 ","  40,791 ","40,453","40,385","38,934","37,300","35,194"
Income below poverty level,"  1,302 ","  1,841 ","  3,063 ","  7,413 ","  9,529 ","  10,046 ","  9,776 ","  9,306 ","8,392","7,471","7,042","6,605","5,981"
Percent income below poverty level,4.9%,7.5%,11.4%,19.0%,24.3%,25.7%,24.5%,23.0%,20.7%,18.5%,18.1%,17.7%,17.0%
,,,,,,,,,,,,,
64. Clearing,,,,,,,,,,,,,
Total,"  24,539 ","  22,555 ","  21,442 ","  22,266 ","  22,702 ","  23,383 ","  24,421 ","  24,933 ","25,155","25,815","25,665","24,924","24,328"
Income below poverty level,  858 ,"  1,031 ",  947 ,"  1,535 ","  2,045 ","  2,202 ","  2,446 ","  2,686 ","2,897","2,535","2,450","2,293","1,979"
Percent income below poverty level,3.5%,4.6%,4.4%,6.9%,9.0%,9.4%,10.0%,11.0%,11.5%,9.8%,9.5%,9.2%,8.1%
,,,,,,,,,,,,,
65. West Lawn,,,,,,,,,,,,,
Total,"  18,345 ","  24,739 ","  23,361 ","  29,185 ","  32,880 ","  33,163 ","  33,467 ","  32,740 ","33,576","33,086","32,128","31,816","31,922"
Income below poverty level,  759 ,  953 ,"  1,225 ","  2,148 ","  5,709 ","  6,293 ","  6,283 ","  4,851 ","5,464","5,377","4,545","4,314","5,569"
Percent income below poverty level,4.1%,3.9%,5.2%,7.4%,17.4%,19.0%,18.8%,15.0%,16.3%,16.3%,14.1%,13.6%,17.4%
,,,,,,,,,,,,,
66. Chicago Lawn,,,,,,,,,,,,,
Total,"  48,502 ","  46,538 ","  51,033 ","  60,573 ","  54,528 ","  55,242 ","  55,847 ","  55,136 ","53,913","52,766","51,755","51,180","51,043"
Income below poverty level,"  3,054 ","  4,869 ","  9,328 ","  11,970 ","  17,070 ","  17,837 ","  18,496 ","  17,282 ","16,683","14,442","12,725","12,002","11,556"
Percent income below poverty level,6.3%,10.5%,18.3%,19.8%,31.3%,32.3%,33.1%,31.0%,30.9%,27.4%,24.6%,23.5%,22.6%
,,,,,,,,,,,,,
67. West Englewood,,,,,,,,,,,,,
Total,"  61,660 ","  61,724 ","  52,144 ","  44,969 ","  35,088 ","  34,222 ","  33,973 ","  31,889 ","30,516","29,697","28,106","26,218","26,015"
Income below poverty level,"  8,068 ","  19,671 ","  15,964 ","  14,450 ","  13,971 ","  13,706 ","  13,234 ","  12,289 ","11,071","9,975","9,094","8,576","8,064"
Percent income below poverty level,13.1%,31.9%,30.6%,32.1%,39.8%,40.1%,39.0%,39.0%,36.3%,33.6%,32.4%,32.7%,31.0%
,,,,,,,,,,,,,
68. Englewood,,,,,,,,,,,,,
Total,"  88,973 ","  58,585 ","  47,893 ","  39,596 ","  28,590 ","  28,179 ","  27,111 ","  26,025 ","25,908","24,956","23,682","22,813","21,938"
Income below poverty level,"  22,603 ","  23,268 ","  20,710 ","  17,344 ","  13,660 ","  13,686 ","  13,544 ","  12,062 ","11,762","11,294","9,849","9,317","9,023"
Percent income below poverty level,25.4%,39.7%,43.2%,43.8%,47.8%,48.6%,50.0%,46.0%,45.4%,45.3%,41.6%,40.8%,41.1%
,,,,,,,,,,,,,
69. Greater Grand Crossing,,,,,,,,,,,,,
Total,"  54,090 ","  44,956 ","  38,133 ","  37,910 ","  32,395 ","  32,343 ","  32,302 ","  31,790 ","31,878","31,180","30,227","29,639","28,950"
Income below poverty level,"  9,087 ","  11,670 ","  11,073 ","  10,809 ","  11,061 ","  12,219 ","  12,450 ","  12,350 ","11,727","11,679","11,087","10,112","9,667"
Percent income below poverty level,16.8%,26.0%,29.0%,28.5%,34.1%,37.8%,38.5%,39.0%,36.8%,37.5%,36.7%,34.1%,33.4%
,,,,,,,,,,,,,
70. Ashburn,,,,,,,,,,,,,
Total,"  47,117 ","  40,152 ","  36,697 ","  39,195 ","  42,262 ","  42,230 ","  42,153 ","  42,173 ","42,670","43,185","43,350","42,702","42,295"
Income below poverty level,"  1,243 ",  985 ,"  1,547 ","  2,722 ","  5,240 ","  5,353 ","  5,403 ","  5,224 ","5,222","5,053","4,931","5,462","5,687"
Percent income below poverty level,2.6%,2.5%,4.2%,6.9%,12.4%,12.7%,12.8%,12.0%,12.2%,11.7%,11.4%,12.8%,13.4%
,,,,,,,,,,,,,
71. Auburn Gresham,,,,,,,,,,,,,
Total,"  68,618 ","  64,703 ","  59,399 ","  55,501 ","  49,378 ","  48,672 ","  47,367 ","  45,668 ","45,641","46,220","45,182","45,739","46,498"
Income below poverty level,"  6,590 ","  8,992 ","  10,784 ","  11,439 ","  14,872 ","  15,222 ","  14,525 ","  13,469 ","13,306","13,368","11,807","11,613","11,665"
Percent income below poverty level,9.6%,13.9%,18.2%,20.6%,30.1%,31.3%,30.7%,29.0%,29.2%,28.9%,26.1%,25.4%,25.1%
,,,,,,,,,,,,,
72. Beverly,,,,,,,,,,,,,
Total,"  26,713 ","  23,269 ","  22,342 ","  21,956 ","  21,211 ","  21,741 ","  20,981 ","  20,795 ","20,812","20,794","20,413","19,768","19,631"
Income below poverty level,  742 ,  781 ,  814 ,  874 ,  950 ,  753 ,  756 ,  943 ,781,960,919,995,1229
Percent income below poverty level,2.8%,3.4%,3.6%,4.0%,4.5%,3.5%,3.6%,5.0%,3.8%,4.6%,4.5%,5.0%,6.3%
,,,,,,,,,,,,,
73. Washington Heights,,,,,,,,,,,,,
Total,"  36,372 ","  36,169 ","  31,862 ","  29,656 ","  25,707 ","  25,929 ","  26,117 ","  26,820 ","26,806","27,230","27,131","26,515","26,720"
Income below poverty level,"  2,575 ","  4,169 ","  3,697 ","  3,680 ","  5,109 ","  5,094 ","  4,758 ","  4,375 ","4,999","5,386","5,528","5,712","5,356"
Percent income below poverty level,7.1%,11.5%,11.6%,12.4%,19.9%,19.6%,18.2%,16.0%,18.6%,19.8%,20.4%,21.5%,20.0%
,,,,,,,,,,,,,
74. Mount Greenwood,,,,,,,,,,,,,
Total,"  22,942 ","  19,919 ","  19,023 ","  18,443 ","  17,950 ","  17,817 ","  17,739 ","  18,120 ","18,363","18,622","18,719","18,581","18,203"
Income below poverty level,"  1,061 ",  751 ,  794 ,  722 ,  536 ,  538 ,  687 ,  851 ,729,675,773,940,829
Percent income below poverty level,4.6%,3.8%,4.2%,3.9%,3.0%,3.0%,3.9%,5.0%,4.0%,3.6%,4.1%,5.1%,4.6%
,,,,,,,,,,,,,
75. Morgan Park,,,,,,,,,,,,,
Total,"  30,605 ","  28,919 ","  26,252 ","  24,620 ","  22,290 ","  23,138 ","  22,764 ","  22,414 ","22,533","21,961","21,331","20,692","20,073"
Income below poverty level,"  2,510 ","  3,193 ","  2,931 ","  2,829 ","  3,385 ","  3,585 ","  4,405 ","  4,095 ","4,356","3,925","4,002","2,389","2,302"
Percent income below poverty level,8.2%,11.0%,11.2%,11.5%,15.2%,15.5%,19.4%,18.0%,19.3%,17.9%,18.8%,11.5%,11.5%
,,,,,,,,,,,,,
76. O'Hare,,,,,,,,,,,,,
Total,,"  11,051 ","  11,214 ","  11,931 ","  13,687 ","  13,700 ","  14,143 ","  13,483 ","12,902","12,139","12,549","12,861","13,285"
Income below poverty level,,  411 ,  568 ,  953 ,"  2,416 ","  2,780 ","  3,197 ","  3,001 ","1,867","1,839","1,647","1,478","1,430"
Percent income below poverty level,,3.7%,5.1%,8.0%,17.7%,20.3%,22.6%,22.0%,14.5%,15.1%,13.1%,11.5%,10.8%
,,,,,,,,,,,,,
77. Edgewater,,,,,,,,,,,,,
Total,"  59,969 ","  57,091 ","  59,580 ","  60,511 ","  52,996 ","  52,925 ","  52,551 ","  52,011 ","52,541","52,975","54,024","54,516","55,457"
Income below poverty level,"  5,339 ","  8,642 ","  10,078 ","  10,330 ","  9,882 ","  9,422 ","  9,652 ","  9,532 ","9,178","8,638","8,680","8,090","8,224"
Percent income below poverty level,8.9%,15.1%,16.9%,17.1%,18.6%,17.8%,18.4%,18.0%,17.5%,16.3%,16.1%,14.8%,14.8%
,,,,,,,,,,,,,
Chicago,,,,,,,,,,,,,
Total,"  3,327,145 ","  2,965,648 ","  2,739,439 ","  2,839,038 ","  2,655,432 ","  2,656,947 ","  2,660,712 ","  2,663,479 ","2,658,529","2,666,214","2,662,606","2,654,150","2,643,093"
Income below poverty level,"  483,487 ","  601,410 ","  592,298 ","  556,791 ","  587,807 ","  601,378 ","  604,568 ","  594,751 ","576,268","550,422","519,492","488,186","458,280"
Percent income below poverty level,14.5%,20.3%,21.6%,19.6%,22.1%,22.6%,22.7%,22.0%,21.7%,20.6%,19.5%,18.4%,17.3%
,,,,,,,,,,,,,
Unassigned,,,,,,,,,,,,,
Total,"6,200",,,,,,,,,,,,
Income below poverty level,247,,,,,,,,,,,,
Percent income below poverty level,4.0%,,,,,,,,,,,,
"Source: 1970-2000 data are tabulated from the Decennial Census, 2008-2012 data are tabulated from the American Community Survey",,,,,,,,,,,,,
"Note: Data for some census tracts are suppressed (i.e., not reported) by the Census Bureau. This affects only some community areas but has the effect of causing the community area data to not sum exactly to the citywide total.",,,,,,,,,,,,,
"Note: For 1970 data, most of the unassigned were for CA 76 O'Hare; Note also: poverty data are not available prior to 1970.",,,,,,,,,,,,,